group,name,gain,input_peak,rms,fundamental,thd_percent,harmonic,db_relative,bass,h3_dbr,setting,hz,shelf_db,fundamental_db,fs,treble,factor,residual_dbr,residual_fullband_dbr,peak,finite,boost_db
transfer,asinh,0.0,0.02,0.014141563954911314,0.019999191535425242,0.0016664201815909962,,,,,,,,,,,,,,,,
harmonic,asinh,0.0,0.02,,,,1,0.0,,,,,,,,,,,,,,
harmonic,asinh,0.0,0.02,,,,2,-315.7676395469758,,,,,,,,,,,,,,
harmonic,asinh,0.0,0.02,,,,3,-95.56430967675996,,,,,,,,,,,,,,
harmonic,asinh,0.0,0.02,,,,4,-316.16758034644323,,,,,,,,,,,,,,
harmonic,asinh,0.0,0.02,,,,5,-182.50174196285616,,,,,,,,,,,,,,
harmonic,asinh,0.0,0.02,,,,6,-320.0,,,,,,,,,,,,,,
harmonic,asinh,0.0,0.02,,,,7,-267.0118932981528,,,,,,,,,,,,,,
harmonic,asinh,0.0,0.02,,,,8,-320.0,,,,,,,,,,,,,,
harmonic,asinh,0.0,0.02,,,,9,-311.86521478836084,,,,,,,,,,,,,,
harmonic,asinh,0.0,0.02,,,,10,-320.0,,,,,,,,,,,,,,
harmonic,asinh,0.0,0.02,,,,11,-311.7590295054376,,,,,,,,,,,,,,
harmonic,asinh,0.0,0.02,,,,12,-309.74180838916567,,,,,,,,,,,,,,
harmonic,asinh,0.0,0.02,,,,13,-320.0,,,,,,,,,,,,,,
harmonic,asinh,0.0,0.02,,,,14,-310.48402766468274,,,,,,,,,,,,,,
harmonic,asinh,0.0,0.02,,,,15,-320.0,,,,,,,,,,,,,,
harmonic,asinh,0.0,0.02,,,,16,-320.0,,,,,,,,,,,,,,
harmonic,asinh,0.0,0.02,,,,17,-320.0,,,,,,,,,,,,,,
harmonic,asinh,0.0,0.02,,,,18,-320.0,,,,,,,,,,,,,,
harmonic,asinh,0.0,0.02,,,,19,-320.0,,,,,,,,,,,,,,
harmonic,asinh,0.0,0.02,,,,20,-320.0,,,,,,,,,,,,,,
harmonic,asinh,0.0,0.02,,,,21,-320.0,,,,,,,,,,,,,,
harmonic,asinh,0.0,0.02,,,,22,-314.48571069406563,,,,,,,,,,,,,,
harmonic,asinh,0.0,0.02,,,,23,-320.0,,,,,,,,,,,,,,
harmonic,asinh,0.0,0.02,,,,24,-314.5285613989015,,,,,,,,,,,,,,
harmonic,asinh,0.0,0.02,,,,25,-320.0,,,,,,,,,,,,,,
harmonic,asinh,0.0,0.02,,,,26,-320.0,,,,,,,,,,,,,,
harmonic,asinh,0.0,0.02,,,,27,-320.0,,,,,,,,,,,,,,
harmonic,asinh,0.0,0.02,,,,28,-320.0,,,,,,,,,,,,,,
harmonic,asinh,0.0,0.02,,,,29,-320.0,,,,,,,,,,,,,,
harmonic,asinh,0.0,0.02,,,,30,-320.0,,,,,,,,,,,,,,
harmonic,asinh,0.0,0.02,,,,31,-319.03570838643014,,,,,,,,,,,,,,
transfer,asinh,0.0,0.05,0.03534463919929791,0.04998486784222295,0.010405571705463922,,,,,,,,,,,,,,,,
harmonic,asinh,0.0,0.05,,,,1,0.0,,,,,,,,,,,,,,
harmonic,asinh,0.0,0.05,,,,2,-315.7654413175174,,,,,,,,,,,,,,
harmonic,asinh,0.0,0.05,,,,3,-79.65468141637633,,,,,,,,,,,,,,
harmonic,asinh,0.0,0.05,,,,4,-316.17142529678085,,,,,,,,,,,,,,
harmonic,asinh,0.0,0.05,,,,5,-150.68324425555343,,,,,,,,,,,,,,
harmonic,asinh,0.0,0.05,,,,6,-320.0,,,,,,,,,,,,,,
harmonic,asinh,0.0,0.05,,,,7,-219.2824619909976,,,,,,,,,,,,,,
harmonic,asinh,0.0,0.05,,,,8,-320.0,,,,,,,,,,,,,,
harmonic,asinh,0.0,0.05,,,,9,-286.40084623463497,,,,,,,,,,,,,,
harmonic,asinh,0.0,0.05,,,,10,-320.0,,,,,,,,,,,,,,
harmonic,asinh,0.0,0.05,,,,11,-311.9448898788642,,,,,,,,,,,,,,
harmonic,asinh,0.0,0.05,,,,12,-309.68174560760417,,,,,,,,,,,,,,
harmonic,asinh,0.0,0.05,,,,13,-320.0,,,,,,,,,,,,,,
harmonic,asinh,0.0,0.05,,,,14,-310.5233290629247,,,,,,,,,,,,,,
harmonic,asinh,0.0,0.05,,,,15,-320.0,,,,,,,,,,,,,,
harmonic,asinh,0.0,0.05,,,,16,-320.0,,,,,,,,,,,,,,
harmonic,asinh,0.0,0.05,,,,17,-320.0,,,,,,,,,,,,,,
harmonic,asinh,0.0,0.05,,,,18,-319.6332328503985,,,,,,,,,,,,,,
harmonic,asinh,0.0,0.05,,,,19,-320.0,,,,,,,,,,,,,,
harmonic,asinh,0.0,0.05,,,,20,-320.0,,,,,,,,,,,,,,
harmonic,asinh,0.0,0.05,,,,21,-320.0,,,,,,,,,,,,,,
harmonic,asinh,0.0,0.05,,,,22,-314.3209167349368,,,,,,,,,,,,,,
harmonic,asinh,0.0,0.05,,,,23,-320.0,,,,,,,,,,,,,,
harmonic,asinh,0.0,0.05,,,,24,-314.6425190116895,,,,,,,,,,,,,,
harmonic,asinh,0.0,0.05,,,,25,-320.0,,,,,,,,,,,,,,
harmonic,asinh,0.0,0.05,,,,26,-320.0,,,,,,,,,,,,,,
harmonic,asinh,0.0,0.05,,,,27,-320.0,,,,,,,,,,,,,,
harmonic,asinh,0.0,0.05,,,,28,-320.0,,,,,,,,,,,,,,
harmonic,asinh,0.0,0.05,,,,29,-320.0,,,,,,,,,,,,,,
harmonic,asinh,0.0,0.05,,,,30,-320.0,,,,,,,,,,,,,,
harmonic,asinh,0.0,0.05,,,,31,-320.0,,,,,,,,,,,,,,
transfer,asinh,0.0,0.2,0.14072616939063,0.19901659027968868,0.16382098056097993,,,,,,,,,,,,,,,,
harmonic,asinh,0.0,0.2,,,,1,0.0,,,,,,,,,,,,,,
harmonic,asinh,0.0,0.2,,,,2,-315.68016943204793,,,,,,,,,,,,,,
harmonic,asinh,0.0,0.2,,,,3,-55.71269426341721,,,,,,,,,,,,,,
harmonic,asinh,0.0,0.2,,,,4,-315.91159273299826,,,,,,,,,,,,,,
harmonic,asinh,0.0,0.2,,,,5,-102.81255488024983,,,,,,,,,,,,,,
harmonic,asinh,0.0,0.2,,,,6,-320.0,,,,,,,,,,,,,,
harmonic,asinh,0.0,0.2,,,,7,-147.4863771241061,,,,,,,,,,,,,,
harmonic,asinh,0.0,0.2,,,,8,-320.0,,,,,,,,,,,,,,
harmonic,asinh,0.0,0.2,,,,9,-190.99790549452257,,,,,,,,,,,,,,
harmonic,asinh,0.0,0.2,,,,10,-320.0,,,,,,,,,,,,,,
harmonic,asinh,0.0,0.2,,,,11,-233.82506456200724,,,,,,,,,,,,,,
harmonic,asinh,0.0,0.2,,,,12,-309.7202442000091,,,,,,,,,,,,,,
harmonic,asinh,0.0,0.2,,,,13,-276.19163705725305,,,,,,,,,,,,,,
harmonic,asinh,0.0,0.2,,,,14,-310.48893307920343,,,,,,,,,,,,,,
harmonic,asinh,0.0,0.2,,,,15,-317.0633863387984,,,,,,,,,,,,,,
harmonic,asinh,0.0,0.2,,,,16,-320.0,,,,,,,,,,,,,,
harmonic,asinh,0.0,0.2,,,,17,-320.0,,,,,,,,,,,,,,
harmonic,asinh,0.0,0.2,,,,18,-319.17736878322796,,,,,,,,,,,,,,
harmonic,asinh,0.0,0.2,,,,19,-320.0,,,,,,,,,,,,,,
harmonic,asinh,0.0,0.2,,,,20,-320.0,,,,,,,,,,,,,,
harmonic,asinh,0.0,0.2,,,,21,-320.0,,,,,,,,,,,,,,
harmonic,asinh,0.0,0.2,,,,22,-314.1965309706387,,,,,,,,,,,,,,
harmonic,asinh,0.0,0.2,,,,23,-320.0,,,,,,,,,,,,,,
harmonic,asinh,0.0,0.2,,,,24,-314.67791405087235,,,,,,,,,,,,,,
harmonic,asinh,0.0,0.2,,,,25,-320.0,,,,,,,,,,,,,,
harmonic,asinh,0.0,0.2,,,,26,-320.0,,,,,,,,,,,,,,
harmonic,asinh,0.0,0.2,,,,27,-320.0,,,,,,,,,,,,,,
harmonic,asinh,0.0,0.2,,,,28,-320.0,,,,,,,,,,,,,,
harmonic,asinh,0.0,0.2,,,,29,-320.0,,,,,,,,,,,,,,
harmonic,asinh,0.0,0.2,,,,30,-320.0,,,,,,,,,,,,,,
harmonic,asinh,0.0,0.2,,,,31,-320.0,,,,,,,,,,,,,,
transfer,asinh,0.0,0.5,0.3434419103666165,0.48567865586015835,0.9420755816004016,,,,,,,,,,,,,,,,
harmonic,asinh,0.0,0.5,,,,1,0.0,,,,,,,,,,,,,,
harmonic,asinh,0.0,0.5,,,,2,-315.73891248492527,,,,,,,,,,,,,,
harmonic,asinh,0.0,0.5,,,,3,-40.52104354779441,,,,,,,,,,,,,,
harmonic,asinh,0.0,0.5,,,,4,-316.1995222548234,,,,,,,,,,,,,,
harmonic,asinh,0.0,0.5,,,,5,-72.49559778391786,,,,,,,,,,,,,,
harmonic,asinh,0.0,0.5,,,,6,-320.0,,,,,,,,,,,,,,
harmonic,asinh,0.0,0.5,,,,7,-102.06050575747003,,,,,,,,,,,,,,
harmonic,asinh,0.0,0.5,,,,8,-320.0,,,,,,,,,,,,,,
harmonic,asinh,0.0,0.5,,,,9,-130.4696521935554,,,,,,,,,,,,,,
harmonic,asinh,0.0,0.5,,,,10,-320.0,,,,,,,,,,,,,,
harmonic,asinh,0.0,0.5,,,,11,-158.1983677178906,,,,,,,,,,,,,,
harmonic,asinh,0.0,0.5,,,,12,-309.62952578254794,,,,,,,,,,,,,,
harmonic,asinh,0.0,0.5,,,,13,-185.47810490469067,,,,,,,,,,,,,,
harmonic,asinh,0.0,0.5,,,,14,-310.7572401391543,,,,,,,,,,,,,,
harmonic,asinh,0.0,0.5,,,,15,-212.4388396685314,,,,,,,,,,,,,,
harmonic,asinh,0.0,0.5,,,,16,-320.0,,,,,,,,,,,,,,
harmonic,asinh,0.0,0.5,,,,17,-239.1615994335716,,,,,,,,,,,,,,
harmonic,asinh,0.0,0.5,,,,18,-320.0,,,,,,,,,,,,,,
harmonic,asinh,0.0,0.5,,,,19,-265.6950448142828,,,,,,,,,,,,,,
harmonic,asinh,0.0,0.5,,,,20,-320.0,,,,,,,,,,,,,,
harmonic,asinh,0.0,0.5,,,,21,-291.9925463519734,,,,,,,,,,,,,,
harmonic,asinh,0.0,0.5,,,,22,-314.3920105100368,,,,,,,,,,,,,,
harmonic,asinh,0.0,0.5,,,,23,-317.5847727562597,,,,,,,,,,,,,,
harmonic,asinh,0.0,0.5,,,,24,-314.69296364086483,,,,,,,,,,,,,,
harmonic,asinh,0.0,0.5,,,,25,-320.0,,,,,,,,,,,,,,
harmonic,asinh,0.0,0.5,,,,26,-320.0,,,,,,,,,,,,,,
harmonic,asinh,0.0,0.5,,,,27,-320.0,,,,,,,,,,,,,,
harmonic,asinh,0.0,0.5,,,,28,-320.0,,,,,,,,,,,,,,
harmonic,asinh,0.0,0.5,,,,29,-320.0,,,,,,,,,,,,,,
harmonic,asinh,0.0,0.5,,,,30,-320.0,,,,,,,,,,,,,,
harmonic,asinh,0.0,0.5,,,,31,-319.0288221479793,,,,,,,,,,,,,,
transfer,asinh,0.5,0.02,0.03468771484877388,0.04905583508479369,0.026342606651691268,,,,,,,,,,,,,,,,
harmonic,asinh,0.5,0.02,,,,1,0.0,,,,,,,,,,,,,,
harmonic,asinh,0.5,0.02,,,,2,-315.51138943350867,,,,,,,,,,,,,,
harmonic,asinh,0.5,0.02,,,,3,-71.58682725515237,,,,,,,,,,,,,,
harmonic,asinh,0.5,0.02,,,,4,-316.09518327154194,,,,,,,,,,,,,,
harmonic,asinh,0.5,0.02,,,,5,-134.54891929014298,,,,,,,,,,,,,,
harmonic,asinh,0.5,0.02,,,,6,-320.0,,,,,,,,,,,,,,
harmonic,asinh,0.5,0.02,,,,7,-195.0820050413637,,,,,,,,,,,,,,
harmonic,asinh,0.5,0.02,,,,8,-320.0,,,,,,,,,,,,,,
harmonic,asinh,0.5,0.02,,,,9,-254.4440720612849,,,,,,,,,,,,,,
harmonic,asinh,0.5,0.02,,,,10,-320.0,,,,,,,,,,,,,,
harmonic,asinh,0.5,0.02,,,,11,-307.1068123952076,,,,,,,,,,,,,,
harmonic,asinh,0.5,0.02,,,,12,-309.52570074863195,,,,,,,,,,,,,,
harmonic,asinh,0.5,0.02,,,,13,-320.0,,,,,,,,,,,,,,
harmonic,asinh,0.5,0.02,,,,14,-310.69501615088814,,,,,,,,,,,,,,
harmonic,asinh,0.5,0.02,,,,15,-320.0,,,,,,,,,,,,,,
harmonic,asinh,0.5,0.02,,,,16,-320.0,,,,,,,,,,,,,,
harmonic,asinh,0.5,0.02,,,,17,-320.0,,,,,,,,,,,,,,
harmonic,asinh,0.5,0.02,,,,18,-319.97458041661264,,,,,,,,,,,,,,
harmonic,asinh,0.5,0.02,,,,19,-320.0,,,,,,,,,,,,,,
harmonic,asinh,0.5,0.02,,,,20,-320.0,,,,,,,,,,,,,,
harmonic,asinh,0.5,0.02,,,,21,-320.0,,,,,,,,,,,,,,
harmonic,asinh,0.5,0.02,,,,22,-314.7419059542338,,,,,,,,,,,,,,
harmonic,asinh,0.5,0.02,,,,23,-320.0,,,,,,,,,,,,,,
harmonic,asinh,0.5,0.02,,,,24,-314.53732099250664,,,,,,,,,,,,,,
harmonic,asinh,0.5,0.02,,,,25,-320.0,,,,,,,,,,,,,,
harmonic,asinh,0.5,0.02,,,,26,-320.0,,,,,,,,,,,,,,
harmonic,asinh,0.5,0.02,,,,27,-320.0,,,,,,,,,,,,,,
harmonic,asinh,0.5,0.02,,,,28,-320.0,,,,,,,,,,,,,,
harmonic,asinh,0.5,0.02,,,,29,-320.0,,,,,,,,,,,,,,
harmonic,asinh,0.5,0.02,,,,30,-320.0,,,,,,,,,,,,,,
harmonic,asinh,0.5,0.02,,,,31,-320.0,,,,,,,,,,,,,,
transfer,asinh,0.5,0.05,0.08636442207026561,0.12213757613477119,0.16230027896313529,,,,,,,,,,,,,,,,
harmonic,asinh,0.5,0.05,,,,1,0.0,,,,,,,,,,,,,,
harmonic,asinh,0.5,0.05,,,,2,-315.60514777727315,,,,,,,,,,,,,,
harmonic,asinh,0.5,0.05,,,,3,-55.793697797117375,,,,,,,,,,,,,,
harmonic,asinh,0.5,0.05,,,,4,-315.91798758356583,,,,,,,,,,,,,,
harmonic,asinh,0.5,0.05,,,,5,-102.97443060901558,,,,,,,,,,,,,,
harmonic,asinh,0.5,0.05,,,,6,-320.0,,,,,,,,,,,,,,
harmonic,asinh,0.5,0.05,,,,7,-147.72909232757246,,,,,,,,,,,,,,
harmonic,asinh,0.5,0.05,,,,8,-320.0,,,,,,,,,,,,,,
harmonic,asinh,0.5,0.05,,,,9,-191.32144736632182,,,,,,,,,,,,,,
harmonic,asinh,0.5,0.05,,,,10,-320.0,,,,,,,,,,,,,,
harmonic,asinh,0.5,0.05,,,,11,-234.229328559793,,,,,,,,,,,,,,
harmonic,asinh,0.5,0.05,,,,12,-309.71872012226174,,,,,,,,,,,,,,
harmonic,asinh,0.5,0.05,,,,13,-276.6850935597385,,,,,,,,,,,,,,
harmonic,asinh,0.5,0.05,,,,14,-310.6891052721584,,,,,,,,,,,,,,
harmonic,asinh,0.5,0.05,,,,15,-317.052402884316,,,,,,,,,,,,,,
harmonic,asinh,0.5,0.05,,,,16,-320.0,,,,,,,,,,,,,,
harmonic,asinh,0.5,0.05,,,,17,-320.0,,,,,,,,,,,,,,
harmonic,asinh,0.5,0.05,,,,18,-319.8695536971886,,,,,,,,,,,,,,
harmonic,asinh,0.5,0.05,,,,19,-320.0,,,,,,,,,,,,,,
harmonic,asinh,0.5,0.05,,,,20,-320.0,,,,,,,,,,,,,,
harmonic,asinh,0.5,0.05,,,,21,-320.0,,,,,,,,,,,,,,
harmonic,asinh,0.5,0.05,,,,22,-314.32503977423903,,,,,,,,,,,,,,
harmonic,asinh,0.5,0.05,,,,23,-320.0,,,,,,,,,,,,,,
harmonic,asinh,0.5,0.05,,,,24,-314.63303701455567,,,,,,,,,,,,,,
harmonic,asinh,0.5,0.05,,,,25,-320.0,,,,,,,,,,,,,,
harmonic,asinh,0.5,0.05,,,,26,-320.0,,,,,,,,,,,,,,
harmonic,asinh,0.5,0.05,,,,27,-320.0,,,,,,,,,,,,,,
harmonic,asinh,0.5,0.05,,,,28,-320.0,,,,,,,,,,,,,,
harmonic,asinh,0.5,0.05,,,,29,-320.0,,,,,,,,,,,,,,
harmonic,asinh,0.5,0.05,,,,30,-320.0,,,,,,,,,,,,,,
harmonic,asinh,0.5,0.05,,,,31,-320.0,,,,,,,,,,,,,,
transfer,asinh,0.5,0.2,0.3246847202083306,0.45907219158788226,2.1013376133848922,,,,,,,,,,,,,,,,
harmonic,asinh,0.5,0.2,,,,1,0.0,,,,,,,,,,,,,,
harmonic,asinh,0.5,0.2,,,,2,-315.9115436565262,,,,,,,,,,,,,,
harmonic,asinh,0.5,0.2,,,,3,-33.56351564539258,,,,,,,,,,,,,,
harmonic,asinh,0.5,0.2,,,,4,-315.59923018903686,,,,,,,,,,,,,,
harmonic,asinh,0.5,0.2,,,,5,-58.6764076125114,,,,,,,,,,,,,,
harmonic,asinh,0.5,0.2,,,,6,-320.0,,,,,,,,,,,,,,
harmonic,asinh,0.5,0.2,,,,7,-81.40291278968937,,,,,,,,,,,,,,
harmonic,asinh,0.5,0.2,,,,8,-320.0,,,,,,,,,,,,,,
harmonic,asinh,0.5,0.2,,,,9,-102.9828581777245,,,,,,,,,,,,,,
harmonic,asinh,0.5,0.2,,,,10,-320.0,,,,,,,,,,,,,,
harmonic,asinh,0.5,0.2,,,,11,-123.88694711392537,,,,,,,,,,,,,,
harmonic,asinh,0.5,0.2,,,,12,-309.74330013135705,,,,,,,,,,,,,,
harmonic,asinh,0.5,0.2,,,,13,-144.34466242256138,,,,,,,,,,,,,,
harmonic,asinh,0.5,0.2,,,,14,-310.60201478659985,,,,,,,,,,,,,,
harmonic,asinh,0.5,0.2,,,,15,-164.48500481707595,,,,,,,,,,,,,,
harmonic,asinh,0.5,0.2,,,,16,-320.0,,,,,,,,,,,,,,
harmonic,asinh,0.5,0.2,,,,17,-184.38850404725014,,,,,,,,,,,,,,
harmonic,asinh,0.5,0.2,,,,18,-319.5912807514877,,,,,,,,,,,,,,
harmonic,asinh,0.5,0.2,,,,19,-204.10849785448337,,,,,,,,,,,,,,
harmonic,asinh,0.5,0.2,,,,20,-320.0,,,,,,,,,,,,,,
harmonic,asinh,0.5,0.2,,,,21,-223.6815284334439,,,,,,,,,,,,,,
harmonic,asinh,0.5,0.2,,,,22,-314.49460748557004,,,,,,,,,,,,,,
harmonic,asinh,0.5,0.2,,,,23,-243.1344995126862,,,,,,,,,,,,,,
harmonic,asinh,0.5,0.2,,,,24,-314.71544323661846,,,,,,,,,,,,,,
harmonic,asinh,0.5,0.2,,,,25,-262.48115826282753,,,,,,,,,,,,,,
harmonic,asinh,0.5,0.2,,,,26,-320.0,,,,,,,,,,,,,,
harmonic,asinh,0.5,0.2,,,,27,-281.69862707260927,,,,,,,,,,,,,,
harmonic,asinh,0.5,0.2,,,,28,-320.0,,,,,,,,,,,,,,
harmonic,asinh,0.5,0.2,,,,29,-300.43352931882725,,,,,,,,,,,,,,
harmonic,asinh,0.5,0.2,,,,30,-320.0,,,,,,,,,,,,,,
harmonic,asinh,0.5,0.2,,,,31,-314.1891751651787,,,,,,,,,,,,,,
transfer,asinh,0.5,0.5,0.6690476191298598,0.9438127064119809,7.081456171832259,,,,,,,,,,,,,,,,
harmonic,asinh,0.5,0.5,,,,1,0.0,,,,,,,,,,,,,,
harmonic,asinh,0.5,0.5,,,,2,-315.01022788689164,,,,,,,,,,,,,,
harmonic,asinh,0.5,0.5,,,,3,-23.138074562580357,,,,,,,,,,,,,,
harmonic,asinh,0.5,0.5,,,,4,-315.4780770022796,,,,,,,,,,,,,,
harmonic,asinh,0.5,0.5,,,,5,-38.20753926716599,,,,,,,,,,,,,,
harmonic,asinh,0.5,0.5,,,,6,-320.0,,,,,,,,,,,,,,
harmonic,asinh,0.5,0.5,,,,7,-50.980079547496175,,,,,,,,,,,,,,
harmonic,asinh,0.5,0.5,,,,8,-320.0,,,,,,,,,,,,,,
harmonic,asinh,0.5,0.5,,,,9,-62.64121930925605,,,,,,,,,,,,,,
harmonic,asinh,0.5,0.5,,,,10,-320.0,,,,,,,,,,,,,,
harmonic,asinh,0.5,0.5,,,,11,-73.64396664353957,,,,,,,,,,,,,,
harmonic,asinh,0.5,0.5,,,,12,-309.70892663573454,,,,,,,,,,,,,,
harmonic,asinh,0.5,0.5,,,,13,-84.21029292355811,,,,,,,,,,,,,,
harmonic,asinh,0.5,0.5,,,,14,-310.7386360632816,,,,,,,,,,,,,,
harmonic,asinh,0.5,0.5,,,,15,-94.46546020809149,,,,,,,,,,,,,,
harmonic,asinh,0.5,0.5,,,,16,-320.0,,,,,,,,,,,,,,
harmonic,asinh,0.5,0.5,,,,17,-104.48792585038984,,,,,,,,,,,,,,
harmonic,asinh,0.5,0.5,,,,18,-320.0,,,,,,,,,,,,,,
harmonic,asinh,0.5,0.5,,,,19,-114.32978875809448,,,,,,,,,,,,,,
harmonic,asinh,0.5,0.5,,,,20,-320.0,,,,,,,,,,,,,,
harmonic,asinh,0.5,0.5,,,,21,-124.0268227204269,,,,,,,,,,,,,,
harmonic,asinh,0.5,0.5,,,,22,-314.91555905392005,,,,,,,,,,,,,,
harmonic,asinh,0.5,0.5,,,,23,-133.6055252088903,,,,,,,,,,,,,,
harmonic,asinh,0.5,0.5,,,,24,-315.04812059303407,,,,,,,,,,,,,,
harmonic,asinh,0.5,0.5,,,,25,-143.08603355676595,,,,,,,,,,,,,,
harmonic,asinh,0.5,0.5,,,,26,-320.0,,,,,,,,,,,,,,
harmonic,asinh,0.5,0.5,,,,27,-152.4830243904745,,,,,,,,,,,,,,
harmonic,asinh,0.5,0.5,,,,28,-320.0,,,,,,,,,,,,,,
harmonic,asinh,0.5,0.5,,,,29,-161.80836812821354,,,,,,,,,,,,,,
harmonic,asinh,0.5,0.5,,,,30,-320.0,,,,,,,,,,,,,,
harmonic,asinh,0.5,0.5,,,,31,-171.07218544051761,,,,,,,,,,,,,,
transfer,asinh,1.0,0.02,0.08418435490144163,0.11905369795416001,0.4012708026434092,,,,,,,,,,,,,,,,
harmonic,asinh,1.0,0.02,,,,1,0.0,,,,,,,,,,,,,,
harmonic,asinh,1.0,0.02,,,,2,-315.63046211766834,,,,,,,,,,,,,,
harmonic,asinh,1.0,0.02,,,,3,-47.93175451011227,,,,,,,,,,,,,,
harmonic,asinh,1.0,0.02,,,,4,-316.12846217536605,,,,,,,,,,,,,,
harmonic,asinh,1.0,0.02,,,,5,-87.27109977742423,,,,,,,,,,,,,,
harmonic,asinh,1.0,0.02,,,,6,-320.0,,,,,,,,,,,,,,
harmonic,asinh,1.0,0.02,,,,7,-124.18948120157573,,,,,,,,,,,,,,
harmonic,asinh,1.0,0.02,,,,8,-320.0,,,,,,,,,,,,,,
harmonic,asinh,1.0,0.02,,,,9,-159.94759879624684,,,,,,,,,,,,,,
harmonic,asinh,1.0,0.02,,,,10,-320.0,,,,,,,,,,,,,,
harmonic,asinh,1.0,0.02,,,,11,-195.02303278865213,,,,,,,,,,,,,,
harmonic,asinh,1.0,0.02,,,,12,-309.68091979730093,,,,,,,,,,,,,,
harmonic,asinh,1.0,0.02,,,,13,-229.64820866958382,,,,,,,,,,,,,,
harmonic,asinh,1.0,0.02,,,,14,-310.6751022807686,,,,,,,,,,,,,,
harmonic,asinh,1.0,0.02,,,,15,-263.9535224663516,,,,,,,,,,,,,,
harmonic,asinh,1.0,0.02,,,,16,-320.0,,,,,,,,,,,,,,
harmonic,asinh,1.0,0.02,,,,17,-297.95414830487846,,,,,,,,,,,,,,
harmonic,asinh,1.0,0.02,,,,18,-320.0,,,,,,,,,,,,,,
harmonic,asinh,1.0,0.02,,,,19,-320.0,,,,,,,,,,,,,,
harmonic,asinh,1.0,0.02,,,,20,-320.0,,,,,,,,,,,,,,
harmonic,asinh,1.0,0.02,,,,21,-320.0,,,,,,,,,,,,,,
harmonic,asinh,1.0,0.02,,,,22,-314.59315876765714,,,,,,,,,,,,,,
harmonic,asinh,1.0,0.02,,,,23,-320.0,,,,,,,,,,,,,,
harmonic,asinh,1.0,0.02,,,,24,-314.31393031931566,,,,,,,,,,,,,,
harmonic,asinh,1.0,0.02,,,,25,-320.0,,,,,,,,,,,,,,
harmonic,asinh,1.0,0.02,,,,26,-320.0,,,,,,,,,,,,,,
harmonic,asinh,1.0,0.02,,,,27,-320.0,,,,,,,,,,,,,,
harmonic,asinh,1.0,0.02,,,,28,-320.0,,,,,,,,,,,,,,
harmonic,asinh,1.0,0.02,,,,29,-320.0,,,,,,,,,,,,,,
harmonic,asinh,1.0,0.02,,,,30,-320.0,,,,,,,,,,,,,,
harmonic,asinh,1.0,0.02,,,,31,-319.476720612573,,,,,,,,,,,,,,
transfer,asinh,1.0,0.05,0.1993595810066268,0.2818757448683663,2.0852752324704187,,,,,,,,,,,,,,,,
harmonic,asinh,1.0,0.05,,,,1,0.0,,,,,,,,,,,,,,
harmonic,asinh,1.0,0.05,,,,2,-315.7626797734754,,,,,,,,,,,,,,
harmonic,asinh,1.0,0.05,,,,3,-33.62996390766975,,,,,,,,,,,,,,
harmonic,asinh,1.0,0.05,,,,4,-315.9903765219112,,,,,,,,,,,,,,
harmonic,asinh,1.0,0.05,,,,5,-58.80799802275895,,,,,,,,,,,,,,
harmonic,asinh,1.0,0.05,,,,6,-320.0,,,,,,,,,,,,,,
harmonic,asinh,1.0,0.05,,,,7,-81.59933148013153,,,,,,,,,,,,,,
harmonic,asinh,1.0,0.05,,,,8,-320.0,,,,,,,,,,,,,,
harmonic,asinh,1.0,0.05,,,,9,-103.24398136159573,,,,,,,,,,,,,,
harmonic,asinh,1.0,0.05,,,,10,-320.0,,,,,,,,,,,,,,
harmonic,asinh,1.0,0.05,,,,11,-124.21271334303432,,,,,,,,,,,,,,
harmonic,asinh,1.0,0.05,,,,12,-309.566199143076,,,,,,,,,,,,,,
harmonic,asinh,1.0,0.05,,,,13,-144.73503673746907,,,,,,,,,,,,,,
harmonic,asinh,1.0,0.05,,,,14,-310.5936768176593,,,,,,,,,,,,,,
harmonic,asinh,1.0,0.05,,,,15,-164.9399654219647,,,,,,,,,,,,,,
harmonic,asinh,1.0,0.05,,,,16,-320.0,,,,,,,,,,,,,,
harmonic,asinh,1.0,0.05,,,,17,-184.90803640894174,,,,,,,,,,,,,,
harmonic,asinh,1.0,0.05,,,,18,-320.0,,,,,,,,,,,,,,
harmonic,asinh,1.0,0.05,,,,19,-204.69259047423924,,,,,,,,,,,,,,
harmonic,asinh,1.0,0.05,,,,20,-320.0,,,,,,,,,,,,,,
harmonic,asinh,1.0,0.05,,,,21,-224.33016513802684,,,,,,,,,,,,,,
harmonic,asinh,1.0,0.05,,,,22,-314.4474453588471,,,,,,,,,,,,,,
harmonic,asinh,1.0,0.05,,,,23,-243.84779386459766,,,,,,,,,,,,,,
harmonic,asinh,1.0,0.05,,,,24,-314.7096081425746,,,,,,,,,,,,,,
harmonic,asinh,1.0,0.05,,,,25,-263.25741498925976,,,,,,,,,,,,,,
harmonic,asinh,1.0,0.05,,,,26,-320.0,,,,,,,,,,,,,,
harmonic,asinh,1.0,0.05,,,,27,-282.53679261637427,,,,,,,,,,,,,,
harmonic,asinh,1.0,0.05,,,,28,-320.0,,,,,,,,,,,,,,
harmonic,asinh,1.0,0.05,,,,29,-301.28558175940196,,,,,,,,,,,,,,
harmonic,asinh,1.0,0.05,,,,30,-320.0,,,,,,,,,,,,,,
harmonic,asinh,1.0,0.05,,,,31,-314.5865992503142,,,,,,,,,,,,,,
transfer,asinh,1.0,0.2,0.5515843862906362,0.7756792879162041,10.640574877422539,,,,,,,,,,,,,,,,
harmonic,asinh,1.0,0.2,,,,1,0.0,,,,,,,,,,,,,,
harmonic,asinh,1.0,0.2,,,,2,-314.66893928260384,,,,,,,,,,,,,,
harmonic,asinh,1.0,0.2,,,,3,-19.761871528259313,,,,,,,,,,,,,,
harmonic,asinh,1.0,0.2,,,,4,-315.30698457067706,,,,,,,,,,,,,,
harmonic,asinh,1.0,0.2,,,,5,-31.709506301976653,,,,,,,,,,,,,,
harmonic,asinh,1.0,0.2,,,,6,-320.0,,,,,,,,,,,,,,
harmonic,asinh,1.0,0.2,,,,7,-41.419020884691626,,,,,,,,,,,,,,
harmonic,asinh,1.0,0.2,,,,8,-320.0,,,,,,,,,,,,,,
harmonic,asinh,1.0,0.2,,,,9,-50.04059185349897,,,,,,,,,,,,,,
harmonic,asinh,1.0,0.2,,,,10,-319.7549150681331,,,,,,,,,,,,,,
harmonic,asinh,1.0,0.2,,,,11,-58.015611582406194,,,,,,,,,,,,,,
harmonic,asinh,1.0,0.2,,,,12,-310.0622218525367,,,,,,,,,,,,,,
harmonic,asinh,1.0,0.2,,,,13,-65.56105571093802,,,,,,,,,,,,,,
harmonic,asinh,1.0,0.2,,,,14,-310.58591089944866,,,,,,,,,,,,,,
harmonic,asinh,1.0,0.2,,,,15,-72.7996673781223,,,,,,,,,,,,,,
harmonic,asinh,1.0,0.2,,,,16,-320.0,,,,,,,,,,,,,,
harmonic,asinh,1.0,0.2,,,,17,-79.80849116139767,,,,,,,,,,,,,,
harmonic,asinh,1.0,0.2,,,,18,-320.0,,,,,,,,,,,,,,
harmonic,asinh,1.0,0.2,,,,19,-86.63877032750088,,,,,,,,,,,,,,
harmonic,asinh,1.0,0.2,,,,20,-320.0,,,,,,,,,,,,,,
harmonic,asinh,1.0,0.2,,,,21,-93.32572936279063,,,,,,,,,,,,,,
harmonic,asinh,1.0,0.2,,,,22,-314.84417061308125,,,,,,,,,,,,,,
harmonic,asinh,1.0,0.2,,,,23,-99.89549657430021,,,,,,,,,,,,,,
harmonic,asinh,1.0,0.2,,,,24,-314.9570707782912,,,,,,,,,,,,,,
harmonic,asinh,1.0,0.2,,,,25,-106.36795184268514,,,,,,,,,,,,,,
harmonic,asinh,1.0,0.2,,,,26,-320.0,,,,,,,,,,,,,,
harmonic,asinh,1.0,0.2,,,,27,-112.75758666384576,,,,,,,,,,,,,,
harmonic,asinh,1.0,0.2,,,,28,-320.0,,,,,,,,,,,,,,
harmonic,asinh,1.0,0.2,,,,29,-119.0761348782145,,,,,,,,,,,,,,
harmonic,asinh,1.0,0.2,,,,30,-318.4216710955016,,,,,,,,,,,,,,
harmonic,asinh,1.0,0.2,,,,31,-125.3336143058771,,,,,,,,,,,,,,
transfer,asinh,1.0,0.5,0.8585315722511458,1.1956555452393975,17.65508914405437,,,,,,,,,,,,,,,,
harmonic,asinh,1.0,0.5,,,,1,0.0,,,,,,,,,,,,,,
harmonic,asinh,1.0,0.5,,,,2,-314.22476427885965,,,,,,,,,,,,,,
harmonic,asinh,1.0,0.5,,,,3,-15.815476829766517,,,,,,,,,,,,,,
harmonic,asinh,1.0,0.5,,,,4,-315.6012903505903,,,,,,,,,,,,,,
harmonic,asinh,1.0,0.5,,,,5,-24.302355580525834,,,,,,,,,,,,,,
harmonic,asinh,1.0,0.5,,,,6,-320.0,,,,,,,,,,,,,,
harmonic,asinh,1.0,0.5,,,,7,-30.668114194073542,,,,,,,,,,,,,,
harmonic,asinh,1.0,0.5,,,,8,-320.0,,,,,,,,,,,,,,
harmonic,asinh,1.0,0.5,,,,9,-35.99525945053384,,,,,,,,,,,,,,
harmonic,asinh,1.0,0.5,,,,10,-316.96874456669775,,,,,,,,,,,,,,
harmonic,asinh,1.0,0.5,,,,11,-40.701952785515985,,,,,,,,,,,,,,
harmonic,asinh,1.0,0.5,,,,12,-310.69522501583174,,,,,,,,,,,,,,
harmonic,asinh,1.0,0.5,,,,13,-44.99475403612813,,,,,,,,,,,,,,
harmonic,asinh,1.0,0.5,,,,14,-310.61946462095665,,,,,,,,,,,,,,
harmonic,asinh,1.0,0.5,,,,15,-48.990959243088895,,,,,,,,,,,,,,
harmonic,asinh,1.0,0.5,,,,16,-315.8994938320242,,,,,,,,,,,,,,
harmonic,asinh,1.0,0.5,,,,17,-52.76445968700336,,,,,,,,,,,,,,
harmonic,asinh,1.0,0.5,,,,18,-316.9644263609377,,,,,,,,,,,,,,
harmonic,asinh,1.0,0.5,,,,19,-56.36453564330967,,,,,,,,,,,,,,
harmonic,asinh,1.0,0.5,,,,20,-317.0610692490562,,,,,,,,,,,,,,
harmonic,asinh,1.0,0.5,,,,21,-59.82512076157728,,,,,,,,,,,,,,
harmonic,asinh,1.0,0.5,,,,22,-313.76710242453777,,,,,,,,,,,,,,
harmonic,asinh,1.0,0.5,,,,23,-63.17145727541317,,,,,,,,,,,,,,
harmonic,asinh,1.0,0.5,,,,24,-313.65330584032176,,,,,,,,,,,,,,
harmonic,asinh,1.0,0.5,,,,25,-66.42279540008425,,,,,,,,,,,,,,
harmonic,asinh,1.0,0.5,,,,26,-317.0830221825936,,,,,,,,,,,,,,
harmonic,asinh,1.0,0.5,,,,27,-69.59316619466756,,,,,,,,,,,,,,
harmonic,asinh,1.0,0.5,,,,28,-316.4441681850648,,,,,,,,,,,,,,
harmonic,asinh,1.0,0.5,,,,29,-72.6939586368539,,,,,,,,,,,,,,
harmonic,asinh,1.0,0.5,,,,30,-313.3094460820126,,,,,,,,,,,,,,
harmonic,asinh,1.0,0.5,,,,31,-75.7349269092039,,,,,,,,,,,,,,
transfer,tanh,0.0,0.02,0.014140856922980574,0.01999819163294812,0.0033330902738820775,,,,,,,,,,,,,,,,
transfer,tanh,0.0,0.05,0.035333599072527186,0.04996925393271463,0.02082088539678639,,,,,,,,,,,,,,,,
transfer,tanh,0.0,0.2,0.14002782512459427,0.1980281708354523,0.33004665428153207,,,,,,,,,,,,,,,,
transfer,tanh,0.0,0.5,0.3332154017392865,0.47114708166545705,1.9618341846408018,,,,,,,,,,,,,,,,
transfer,tanh,0.5,0.02,0.03466025911704578,0.04901700169966348,0.05274762266936431,,,,,,,,,,,,,,,,
transfer,tanh,0.5,0.05,0.08593986043027292,0.12153666653630167,0.32696091268963323,,,,,,,,,,,,,,,,
transfer,tanh,0.5,0.2,0.30195162082652494,0.4265782757643576,4.572986017051328,,,,,,,,,,,,,,,,
transfer,tanh,0.5,0.5,0.4939770413901018,0.6884195771842752,17.251830776570433,,,,,,,,,,,,,,,,
transfer,tanh,1.0,0.02,0.08314707379087576,0.11758379641912964,0.8168728349308574,,,,,,,,,,,,,,,,
transfer,tanh,1.0,0.05,0.1855168970401711,0.2620910841461972,4.535462475641081,,,,,,,,,,,,,,,,
transfer,tanh,1.0,0.2,0.3375267736586789,0.4618874418105954,26.078172432005722,,,,,,,,,,,,,,,,
transfer,tanh,1.0,0.5,0.36449152362219256,0.48085765779853606,38.618170754160545,,,,,,,,,,,,,,,,
transfer,rational,0.0,0.02,0.014140150154128405,0.0199971920969738,0.0049990106445687256,,,,,,,,,,,,,,,,
transfer,rational,0.0,0.05,0.03532258457054233,0.04995367572529903,0.031206975682364708,,,,,,,,,,,,,,,,
transfer,rational,0.0,0.2,0.13935455013477793,0.19707473790402308,0.48906782320314046,,,,,,,,,,,,,,,,
transfer,rational,0.0,0.5,0.32492257252960777,0.4593362541893822,2.750007184819465,,,,,,,,,,,,,,,,
transfer,rational,0.5,0.02,0.034632964415434564,0.04897839271115206,0.0789654518257474,,,,,,,,,,,,,,,,
transfer,rational,0.5,0.05,0.08553040094396518,0.12095683305479804,0.4845497963089865,,,,,,,,,,,,,,,,
transfer,rational,0.5,0.2,0.28768777668911294,0.40613502360700215,5.944431256170358,,,,,,,,,,,,,,,,
transfer,rational,0.5,0.5,0.4577342055363523,0.6372625073415157,17.848848917133953,,,,,,,,,,,,,,,,
transfer,rational,1.0,0.02,0.08219855425369275,0.11623808563447457,1.1896132978763978,,,,,,,,,,,,,,,,
transfer,rational,1.0,0.05,0.17680045058910598,0.24959932865180728,5.901470333197495,,,,,,,,,,,,,,,,
transfer,rational,1.0,0.2,0.3178955053302529,0.4361734047108432,24.9762440310352,,,,,,,,,,,,,,,,
transfer,rational,1.0,0.5,0.35559663870242375,0.47273449985520566,36.28251394081431,,,,,,,,,,,,,,,,
topology,A,,,,0.4000959499878931,2.5381268255945995,,,0.0,-31.92917905465344,,,,,,,,,,,,
topology,A,,,,0.6323206139905937,5.534488403940087,,,0.5,-25.226381063299574,,,,,,,,,,,,
topology,A,,,,0.9222271175091123,9.700269908408282,,,1.0,-20.518015178734533,,,,,,,,,,,,
topology,B,,,,0.3570647102703064,7.645020216262575,,,0.0,-22.4466900050125,,,,,,,,,,,,
topology,B,,,,0.6323206139905937,5.534488403940086,,,0.5,-25.226381063299574,,,,,,,,,,,,
topology,B,,,,1.1197672225148172,4.009393442618175,,,1.0,-28.00607212158662,,,,,,,,,,,,
tone,bass,,,,,0.6442352323449229,,,,,0.0,40.0,-5.839041973891607,1.7978246913852698,,,,,,,,
tone,bass,,,,,0.7213826144346367,,,,,0.0,80.0,-5.410039381660269,2.3041024090444373,,,,,,,,
tone,bass,,,,,0.7755889413674308,,,,,0.0,110.0,-4.983785037213086,2.62934720680716,,,,,,,,
tone,bass,,,,,1.1735503459478127,,,,,0.0,250.0,-2.9999999999999893,4.505761610184049,,,,,,,,
tone,bass,,,,,1.9590154751071351,,,,,0.0,1000.0,-0.3754939247349036,6.884890098825314,,,,,,,,
tone,bass,,,,,2.076861178994155,,,,,0.0,2500.0,-0.0629721398258064,7.161341277042485,,,,,,,,
tone,bass,,,,,2.092242961084092,,,,,0.0,5000.0,-0.015035279699295629,7.203836151781969,,,,,,,,
tone,bass,,,,,2.462914190068117e-13,,,,,0.0,10000.0,-0.002949335244190123,7.214738485423534,,,,,,,,
tone,bass,,,,,2.1012855639614756,,,,,0.5,40.0,0.0,7.216942211449883,,,,,,,,
tone,bass,,,,,2.1012887427838467,,,,,0.5,80.0,0.0,7.2169448467396435,,,,,,,,
tone,bass,,,,,2.1012911103295258,,,,,0.5,110.0,0.0,7.216946874556223,,,,,,,,
tone,bass,,,,,2.101312393428535,,,,,0.5,250.0,0.0,7.216968579366276,,,,,,,,
tone,bass,,,,,2.1013082195286668,,,,,0.5,1000.0,0.0,7.21723309485618,,,,,,,,
tone,bass,,,,,2.1013339799103994,,,,,0.5,2500.0,0.0,7.2170031873647655,,,,,,,,
tone,bass,,,,,2.098094137714109,,,,,0.5,5000.0,0.0,7.2171510119537485,,,,,,,,
tone,bass,,,,,2.5784517334192535e-13,,,,,0.5,10000.0,0.0,7.2173464181173355,,,,,,,,
tone,bass,,,,,5.409261152100988,,,,,1.0,40.0,5.83904197389154,11.973931389012654,,,,,,,,
tone,bass,,,,,5.028032588688144,,,,,1.0,80.0,5.410039381660243,11.5810559327498,,,,,,,,
tone,bass,,,,,4.7900514596180725,,,,,1.0,110.0,4.98378503721305,11.323445398783203,,,,,,,,
tone,bass,,,,,3.5332640982077144,,,,,1.0,250.0,2.9999999999999667,9.754346944948354,,,,,,,,
tone,bass,,,,,2.251685705169429,,,,,1.0,1000.0,0.37549392473489707,7.546825912107103,,,,,,,,
tone,bass,,,,,2.126035166075448,,,,,1.0,2500.0,0.0629721398258064,7.272587427741768,,,,,,,,
tone,bass,,,,,2.103958190024487,,,,,1.0,5000.0,0.01503527969929753,7.230461422990878,,,,,,,,
tone,bass,,,,,2.8009858108622836e-13,,,,,1.0,10000.0,0.0029493352441889997,7.219954180077542,,,,,,,,
tone,treble,,,,,2.097958600840441,,,,,0.0,40.0,-0.0016310302995190995,7.215227331159449,,,,,,,,
tone,treble,,,,,2.086233302879188,,,,,0.0,80.0,-0.00651807632434552,7.209079578356307,,,,,,,,
tone,treble,,,,,2.0774028159068694,,,,,0.0,110.0,-0.012309697440191409,7.204338845745587,,,,,,,,
tone,treble,,,,,1.9921441614574966,,,,,0.0,250.0,-0.06297213982581223,7.1530205955883375,,,,,,,,
tone,treble,,,,,1.543237779800275,,,,,0.0,1000.0,-0.8572973072900625,6.357110135396668,,,,,,,,
tone,treble,,,,,1.5856293390696043,,,,,0.0,2500.0,-3.0000000000000018,4.214708503269145,,,,,,,,
tone,treble,,,,,1.8452625300601426,,,,,0.0,5000.0,-4.807533510299199,2.410400851542363,,,,,,,,
tone,treble,,,,,2.498599980599681e-13,,,,,0.0,10000.0,-5.715913838777059,1.5012903468022767,,,,,,,,
tone,treble,,,,,2.1012855639614756,,,,,0.5,40.0,0.0,7.216942211449883,,,,,,,,
tone,treble,,,,,2.1012887427838467,,,,,0.5,80.0,0.0,7.2169448467396435,,,,,,,,
tone,treble,,,,,2.1012911103295258,,,,,0.5,110.0,0.0,7.216946874556223,,,,,,,,
tone,treble,,,,,2.101312393428535,,,,,0.5,250.0,0.0,7.216968579366276,,,,,,,,
tone,treble,,,,,2.1013082195286668,,,,,0.5,1000.0,0.0,7.21723309485618,,,,,,,,
tone,treble,,,,,2.1013339799103994,,,,,0.5,2500.0,0.0,7.2170031873647655,,,,,,,,
tone,treble,,,,,2.098094137714109,,,,,0.5,5000.0,0.0,7.2171510119537485,,,,,,,,
tone,treble,,,,,2.5784517334192535e-13,,,,,0.5,10000.0,0.0,7.2173464181173355,,,,,,,,
tone,treble,,,,,2.104617933149118,,,,,1.0,40.0,0.0016310302995152254,7.218657091740317,,,,,,,,
tone,treble,,,,,2.116455380711789,,,,,1.0,80.0,0.006518076324347776,7.224810115122986,,,,,,,,
tone,treble,,,,,2.1254603101865643,,,,,1.0,110.0,0.012309697440194112,7.229554903366864,,,,,,,,
tone,treble,,,,,2.2165590674136073,,,,,1.0,250.0,0.06297213982580832,7.280916563144217,,,,,,,,
tone,treble,,,,,2.861573509153451,,,,,1.0,1000.0,0.8572973072900641,8.077356054315697,,,,,,,,
tone,treble,,,,,2.784801642857456,,,,,1.0,2500.0,2.999999999999999,10.219297871460384,,,,,,,,
tone,treble,,,,,2.385567873947368,,,,,1.0,5000.0,4.807533510299198,12.023901172365134,,,,,,,,
tone,treble,,,,,2.6604050737257657e-13,,,,,1.0,10000.0,5.715913838777062,12.933402489432392,,,,,,,,
fidelity,product,0.0,0.02,,,,,,0.5,,,113.04931640625,,,44100,0.5,2,-132.75021796150008,,,,
fidelity,product,0.0,0.02,,,,,,0.5,,,113.04931640625,,,44100,0.5,4,-144.9498898138835,,,,
fidelity,product,0.0,0.02,,,,,,0.0,,,113.04931640625,,,44100,0.0,2,-132.74992334728967,,,,
fidelity,product,0.0,0.02,,,,,,0.0,,,113.04931640625,,,44100,0.0,4,-144.94959530925135,,,,
fidelity,product,0.0,0.02,,,,,,0.0,,,113.04931640625,,,44100,1.0,2,-132.74992333720394,,,,
fidelity,product,0.0,0.02,,,,,,0.0,,,113.04931640625,,,44100,1.0,4,-144.9495952950107,,,,
fidelity,product,0.0,0.02,,,,,,1.0,,,113.04931640625,,,44100,0.0,2,-132.7511355951609,,,,
fidelity,product,0.0,0.02,,,,,,1.0,,,113.04931640625,,,44100,0.0,4,-144.95080701801803,,,,
fidelity,product,0.0,0.02,,,,,,1.0,,,113.04931640625,,,44100,1.0,2,-132.7511355747152,,,,
fidelity,product,0.0,0.02,,,,,,1.0,,,113.04931640625,,,44100,1.0,4,-144.95080699464944,,,,
fidelity,product,0.0,0.05,,,,,,0.5,,,446.81396484375,,,44100,0.5,2,-109.59194096142068,,,,
fidelity,product,0.0,0.05,,,,,,0.5,,,446.81396484375,,,44100,0.5,4,-121.78599638681135,,,,
fidelity,product,0.0,0.05,,,,,,0.0,,,446.81396484375,,,44100,0.0,2,-109.59116194644336,,,,
fidelity,product,0.0,0.05,,,,,,0.0,,,446.81396484375,,,44100,0.0,4,-121.78521737876389,,,,
fidelity,product,0.0,0.05,,,,,,0.0,,,446.81396484375,,,44100,1.0,2,-109.59116179199681,,,,
fidelity,product,0.0,0.05,,,,,,0.0,,,446.81396484375,,,44100,1.0,4,-121.78521722229246,,,,
fidelity,product,0.0,0.05,,,,,,1.0,,,446.81396484375,,,44100,0.0,2,-109.59303394358037,,,,
fidelity,product,0.0,0.05,,,,,,1.0,,,446.81396484375,,,44100,0.0,4,-121.78708935866588,,,,
fidelity,product,0.0,0.05,,,,,,1.0,,,446.81396484375,,,44100,1.0,2,-109.593033343316,,,,
fidelity,product,0.0,0.05,,,,,,1.0,,,446.81396484375,,,44100,1.0,4,-121.78708875458031,,,,
fidelity,product,0.0,0.2,,,,,,0.5,,,446.81396484375,,,44100,0.5,2,-109.63157151353293,,,,
fidelity,product,0.0,0.2,,,,,,0.5,,,446.81396484375,,,44100,0.5,4,-121.82562568446093,,,,
fidelity,product,0.0,0.2,,,,,,0.0,,,446.81396484375,,,44100,0.0,2,-109.61962051345564,,,,
fidelity,product,0.0,0.2,,,,,,0.0,,,446.81396484375,,,44100,0.0,4,-121.8136753693019,,,,
fidelity,product,0.0,0.2,,,,,,0.0,,,446.81396484375,,,44100,1.0,2,-109.61958190660923,,,,
fidelity,product,0.0,0.2,,,,,,0.0,,,446.81396484375,,,44100,1.0,4,-121.81363648256897,,,,
fidelity,product,0.0,0.2,,,,,,1.0,,,446.81396484375,,,44100,0.0,2,-109.64815238420145,,,,
fidelity,product,0.0,0.2,,,,,,1.0,,,446.81396484375,,,44100,0.0,4,-121.84220596106792,,,,
fidelity,product,0.0,0.2,,,,,,1.0,,,446.81396484375,,,44100,1.0,2,-109.6480060642763,,,,
fidelity,product,0.0,0.2,,,,,,1.0,,,446.81396484375,,,44100,1.0,4,-121.84205857957643,,,,
fidelity,product,0.0,0.5,,,,,,0.5,,,113.04931640625,,,44100,0.5,2,-132.97562907172065,,,,
fidelity,product,0.0,0.5,,,,,,0.5,,,113.04931640625,,,44100,0.5,4,-145.1751988533328,,,,
fidelity,product,0.0,0.5,,,,,,0.0,,,113.04931640625,,,44100,0.0,2,-132.83161485079467,,,,
fidelity,product,0.0,0.5,,,,,,0.0,,,113.04931640625,,,44100,0.0,4,-145.03125116461834,,,,
fidelity,product,0.0,0.5,,,,,,0.0,,,113.04931640625,,,44100,1.0,2,-132.8315453660386,,,,
fidelity,product,0.0,0.5,,,,,,0.0,,,113.04931640625,,,44100,1.0,4,-145.03118167603046,,,,
fidelity,product,0.0,0.5,,,,,,1.0,,,113.04931640625,,,44100,0.0,2,-133.26219342787886,,,,
fidelity,product,0.0,0.5,,,,,,1.0,,,113.04931640625,,,44100,0.0,4,-145.46159877526426,,,,
fidelity,product,0.0,0.5,,,,,,1.0,,,113.04931640625,,,44100,1.0,2,-133.25779723997096,,,,
fidelity,product,0.0,0.5,,,,,,1.0,,,113.04931640625,,,44100,1.0,4,-145.45720004828178,,,,
fidelity,product,0.0,0.5,,,,,,0.5,,,1006.67724609375,,,44100,0.5,2,-98.98341086710437,,,,
fidelity,product,0.0,0.5,,,,,,0.5,,,1006.67724609375,,,44100,0.5,4,-111.15474038857218,,,,
fidelity,product,0.0,0.5,,,,,,0.0,,,1006.67724609375,,,44100,0.0,2,-98.96624083122553,,,,
fidelity,product,0.0,0.5,,,,,,0.0,,,1006.67724609375,,,44100,0.0,4,-111.1375681144226,,,,
fidelity,product,0.0,0.5,,,,,,0.0,,,1006.67724609375,,,44100,1.0,2,-98.96571789113695,,,,
fidelity,product,0.0,0.5,,,,,,0.0,,,1006.67724609375,,,44100,1.0,4,-111.13704971306245,,,,
fidelity,product,0.0,0.5,,,,,,1.0,,,1006.67724609375,,,44100,0.0,2,-99.00218422649053,,,,
fidelity,product,0.0,0.5,,,,,,1.0,,,1006.67724609375,,,44100,0.0,4,-111.17351233351377,,,,
fidelity,product,0.0,0.5,,,,,,1.0,,,1006.67724609375,,,44100,1.0,2,-99.00149176997121,,,,
fidelity,product,0.0,0.5,,,,,,1.0,,,1006.67724609375,,,44100,1.0,4,-111.17282602518195,,,,
fidelity,product,0.0,0.5,,,,,,0.5,,,2007.97119140625,,,44100,0.5,2,-102.49722675523859,,,,
fidelity,product,0.0,0.5,,,,,,0.5,,,2007.97119140625,,,44100,0.5,4,-114.51547863648369,,,,
fidelity,product,0.0,0.5,,,,,,0.0,,,2007.97119140625,,,44100,0.0,2,-102.49291353371932,,,,
fidelity,product,0.0,0.5,,,,,,0.0,,,2007.97119140625,,,44100,0.0,4,-114.51115017136354,,,,
fidelity,product,0.0,0.5,,,,,,0.0,,,2007.97119140625,,,44100,1.0,2,-102.49191159750006,,,,
fidelity,product,0.0,0.5,,,,,,0.0,,,2007.97119140625,,,44100,1.0,4,-114.51018884296887,,,,
fidelity,product,0.0,0.5,,,,,,1.0,,,2007.97119140625,,,44100,0.0,2,-102.50233904558326,,,,
fidelity,product,0.0,0.5,,,,,,1.0,,,2007.97119140625,,,44100,0.0,4,-114.520577041421,,,,
fidelity,product,0.0,0.5,,,,,,1.0,,,2007.97119140625,,,44100,1.0,2,-102.50125774719726,,,,
fidelity,product,0.0,0.5,,,,,,1.0,,,2007.97119140625,,,44100,1.0,4,-114.51953976103573,,,,
fidelity,product,0.0,0.5,,,,,,0.5,,,3999.79248046875,,,44100,0.5,2,-97.55270167350528,,,,
fidelity,product,0.0,0.5,,,,,,0.5,,,3999.79248046875,,,44100,0.5,4,-109.74726038293831,,,,
fidelity,product,0.0,0.5,,,,,,0.0,,,3999.79248046875,,,44100,0.0,2,-97.55154459906423,,,,
fidelity,product,0.0,0.5,,,,,,0.0,,,3999.79248046875,,,44100,0.0,4,-109.74610330532572,,,,
fidelity,product,0.0,0.5,,,,,,0.0,,,3999.79248046875,,,44100,1.0,2,-97.55154459908826,,,,
fidelity,product,0.0,0.5,,,,,,0.0,,,3999.79248046875,,,44100,1.0,4,-109.74610330486159,,,,
fidelity,product,0.0,0.5,,,,,,1.0,,,3999.79248046875,,,44100,0.0,2,-97.5538636719186,,,,
fidelity,product,0.0,0.5,,,,,,1.0,,,3999.79248046875,,,44100,0.0,4,-109.74842238478575,,,,
fidelity,product,0.0,0.5,,,,,,1.0,,,3999.79248046875,,,44100,1.0,2,-97.55386367201288,,,,
fidelity,product,0.0,0.5,,,,,,1.0,,,3999.79248046875,,,44100,1.0,4,-109.74842238507172,,,,
fidelity,product,0.0,0.05,,,,,,0.5,,,6002.38037109375,,,44100,0.5,2,-107.45049065586342,,,,
fidelity,product,0.0,0.05,,,,,,0.5,,,6002.38037109375,,,44100,0.5,4,-120.18717347205217,,,,
fidelity,product,0.0,0.05,,,,,,0.0,,,6002.38037109375,,,44100,0.0,2,-107.45048449688869,,,,
fidelity,product,0.0,0.05,,,,,,0.0,,,6002.38037109375,,,44100,0.0,4,-120.18716731267916,,,,
fidelity,product,0.0,0.05,,,,,,0.0,,,6002.38037109375,,,44100,1.0,2,-107.45048449682615,,,,
fidelity,product,0.0,0.05,,,,,,0.0,,,6002.38037109375,,,44100,1.0,4,-120.1871673120972,,,,
fidelity,product,0.0,0.05,,,,,,1.0,,,6002.38037109375,,,44100,0.0,2,-107.45049682905898,,,,
fidelity,product,0.0,0.05,,,,,,1.0,,,6002.38037109375,,,44100,0.0,4,-120.18717964585554,,,,
fidelity,product,0.0,0.05,,,,,,1.0,,,6002.38037109375,,,44100,1.0,2,-107.45049682891901,,,,
fidelity,product,0.0,0.05,,,,,,1.0,,,6002.38037109375,,,44100,1.0,4,-120.18717964628898,,,,
fidelity,product,0.0,0.05,,,,,,0.5,,,8004.96826171875,,,44100,0.5,2,-122.0057262263549,,,,
fidelity,product,0.0,0.05,,,,,,0.5,,,8004.96826171875,,,44100,0.5,4,-131.16588039480786,,,,
fidelity,product,0.0,0.05,,,,,,0.0,,,8004.96826171875,,,44100,0.0,2,-122.005723113225,,,,
fidelity,product,0.0,0.05,,,,,,0.0,,,8004.96826171875,,,44100,0.0,4,-131.16587728593132,,,,
fidelity,product,0.0,0.05,,,,,,0.0,,,8004.96826171875,,,44100,1.0,2,-122.00572311443374,,,,
fidelity,product,0.0,0.05,,,,,,0.0,,,8004.96826171875,,,44100,1.0,4,-131.16587728502256,,,,
fidelity,product,0.0,0.05,,,,,,1.0,,,8004.96826171875,,,44100,0.0,2,-122.00572934353517,,,,
fidelity,product,0.0,0.05,,,,,,1.0,,,8004.96826171875,,,44100,0.0,4,-131.16588351073247,,,,
fidelity,product,0.0,0.05,,,,,,1.0,,,8004.96826171875,,,44100,1.0,2,-122.00572934327262,,,,
fidelity,product,0.0,0.05,,,,,,1.0,,,8004.96826171875,,,44100,1.0,4,-131.1658835070944,,,,
fidelity,product,0.5,0.02,,,,,,0.5,,,113.04931640625,,,44100,0.5,2,-132.7566274258456,,,,
fidelity,product,0.5,0.02,,,,,,0.5,,,113.04931640625,,,44100,0.5,4,-144.95629650156053,,,,
fidelity,product,0.5,0.02,,,,,,0.0,,,113.04931640625,,,44100,0.0,2,-132.7519868536518,,,,
fidelity,product,0.5,0.02,,,,,,0.0,,,113.04931640625,,,44100,0.0,4,-144.9516578859572,,,,
fidelity,product,0.5,0.02,,,,,,0.0,,,113.04931640625,,,44100,1.0,2,-132.75198680385543,,,,
fidelity,product,0.5,0.02,,,,,,0.0,,,113.04931640625,,,44100,1.0,4,-144.95165783560938,,,,
fidelity,product,0.5,0.02,,,,,,1.0,,,113.04931640625,,,44100,0.0,2,-132.77089625787656,,,,
fidelity,product,0.5,0.02,,,,,,1.0,,,113.04931640625,,,44100,0.0,4,-144.97055913857957,,,,
fidelity,product,0.5,0.02,,,,,,1.0,,,113.04931640625,,,44100,1.0,2,-132.77089183767873,,,,
fidelity,product,0.5,0.02,,,,,,1.0,,,113.04931640625,,,44100,1.0,4,-144.9705547165927,,,,
fidelity,product,0.5,0.05,,,,,,0.5,,,446.81396484375,,,44100,0.5,2,-109.63118164600982,,,,
fidelity,product,0.5,0.05,,,,,,0.5,,,446.81396484375,,,44100,0.5,4,-121.82523583860092,,,,
fidelity,product,0.5,0.05,,,,,,0.0,,,446.81396484375,,,44100,0.0,2,-109.61933853375443,,,,
fidelity,product,0.5,0.05,,,,,,0.0,,,446.81396484375,,,44100,0.0,4,-121.81339339959096,,,,
fidelity,product,0.5,0.05,,,,,,0.0,,,446.81396484375,,,44100,1.0,2,-109.61930064351688,,,,
fidelity,product,0.5,0.05,,,,,,0.0,,,446.81396484375,,,44100,1.0,4,-121.81335523615188,,,,
fidelity,product,0.5,0.05,,,,,,1.0,,,446.81396484375,,,44100,0.0,2,-109.64761458863136,,,,
fidelity,product,0.5,0.05,,,,,,1.0,,,446.81396484375,,,44100,0.0,4,-121.84166820142423,,,,
fidelity,product,0.5,0.05,,,,,,1.0,,,446.81396484375,,,44100,1.0,2,-109.64747094946571,,,,
fidelity,product,0.5,0.05,,,,,,1.0,,,446.81396484375,,,44100,1.0,4,-121.84152351952093,,,,
fidelity,product,0.5,0.2,,,,,,0.5,,,446.81396484375,,,44100,0.5,2,-110.08306861402737,,,,
fidelity,product,0.5,0.2,,,,,,0.5,,,446.81396484375,,,44100,0.5,4,-122.27695060330554,,,,
fidelity,product,0.5,0.2,,,,,,0.0,,,446.81396484375,,,44100,0.0,2,-109.97430590265958,,,,
fidelity,product,0.5,0.2,,,,,,0.0,,,446.81396484375,,,44100,0.0,4,-122.16828559825126,,,,
fidelity,product,0.5,0.2,,,,,,0.0,,,446.81396484375,,,44100,1.0,2,-109.96741297920524,,,,
fidelity,product,0.5,0.2,,,,,,0.0,,,446.81396484375,,,44100,1.0,4,-122.16134009797858,,,,
fidelity,product,0.5,0.2,,,,,,1.0,,,446.81396484375,,,44100,0.0,2,-110.22270576005953,,,,
fidelity,product,0.5,0.2,,,,,,1.0,,,446.81396484375,,,44100,0.0,4,-122.41653351615264,,,,
fidelity,product,0.5,0.2,,,,,,1.0,,,446.81396484375,,,44100,1.0,2,-110.20247872849924,,,,
fidelity,product,0.5,0.2,,,,,,1.0,,,446.81396484375,,,44100,1.0,4,-122.39614622479996,,,,
fidelity,product,0.5,0.5,,,,,,0.5,,,113.04931640625,,,44100,0.5,2,-133.44701692670003,,,,
fidelity,product,0.5,0.5,,,,,,0.5,,,113.04931640625,,,44100,0.5,4,-145.64562081118459,,,,
fidelity,product,0.5,0.5,,,,,,0.0,,,113.04931640625,,,44100,0.0,2,-133.40200467383053,,,,
fidelity,product,0.5,0.5,,,,,,0.0,,,113.04931640625,,,44100,0.0,4,-145.6012814526425,,,,
fidelity,product,0.5,0.5,,,,,,0.0,,,113.04931640625,,,44100,1.0,2,-133.3923631377304,,,,
fidelity,product,0.5,0.5,,,,,,0.0,,,113.04931640625,,,44100,1.0,4,-145.59163350024374,,,,
fidelity,product,0.5,0.5,,,,,,1.0,,,113.04931640625,,,44100,0.0,2,-132.63782882339754,,,,
fidelity,product,0.5,0.5,,,,,,1.0,,,113.04931640625,,,44100,0.0,4,-144.8345093189327,,,,
fidelity,product,0.5,0.5,,,,,,1.0,,,113.04931640625,,,44100,1.0,2,-132.44657664588263,,,,
fidelity,product,0.5,0.5,,,,,,1.0,,,113.04931640625,,,44100,1.0,4,-144.64284797903179,,,,
fidelity,product,0.5,0.5,,,,,,0.5,,,1006.67724609375,,,44100,0.5,2,-100.28019886029273,,,,
fidelity,product,0.5,0.5,,,,,,0.5,,,1006.67724609375,,,44100,0.5,4,-112.45167840597198,,,,
fidelity,product,0.5,0.5,,,,,,0.0,,,1006.67724609375,,,44100,0.0,2,-100.22592926907537,,,,
fidelity,product,0.5,0.5,,,,,,0.0,,,1006.67724609375,,,44100,0.0,4,-112.39733906746284,,,,
fidelity,product,0.5,0.5,,,,,,0.0,,,1006.67724609375,,,44100,1.0,2,-100.21900125157508,,,,
fidelity,product,0.5,0.5,,,,,,0.0,,,1006.67724609375,,,44100,1.0,4,-112.39057383810496,,,,
fidelity,product,0.5,0.5,,,,,,1.0,,,1006.67724609375,,,44100,0.0,2,-100.33892022896904,,,,
fidelity,product,0.5,0.5,,,,,,1.0,,,1006.67724609375,,,44100,0.0,4,-112.51034086399838,,,,
fidelity,product,0.5,0.5,,,,,,1.0,,,1006.67724609375,,,44100,1.0,2,-100.33260110127345,,,,
fidelity,product,0.5,0.5,,,,,,1.0,,,1006.67724609375,,,44100,1.0,4,-112.50419854983937,,,,
fidelity,product,0.5,0.5,,,,,,0.5,,,2007.97119140625,,,44100,0.5,2,-103.78149297594064,,,,
fidelity,product,0.5,0.5,,,,,,0.5,,,2007.97119140625,,,44100,0.5,4,-115.80122902352988,,,,
fidelity,product,0.5,0.5,,,,,,0.0,,,2007.97119140625,,,44100,0.0,2,-103.77479502900226,,,,
fidelity,product,0.5,0.5,,,,,,0.0,,,2007.97119140625,,,44100,0.0,4,-115.79380216753057,,,,
fidelity,product,0.5,0.5,,,,,,0.0,,,2007.97119140625,,,44100,1.0,2,-103.7519084048287,,,,
fidelity,product,0.5,0.5,,,,,,0.0,,,2007.97119140625,,,44100,1.0,4,-115.7729250020001,,,,
fidelity,product,0.5,0.5,,,,,,1.0,,,2007.97119140625,,,44100,0.0,2,-103.80421420272896,,,,
fidelity,product,0.5,0.5,,,,,,1.0,,,2007.97119140625,,,44100,0.0,4,-115.82325442381595,,,,
fidelity,product,0.5,0.5,,,,,,1.0,,,2007.97119140625,,,44100,1.0,2,-103.78094151552972,,,,
fidelity,product,0.5,0.5,,,,,,1.0,,,2007.97119140625,,,44100,1.0,4,-115.80207502671851,,,,
fidelity,product,0.5,0.5,,,,,,0.5,,,3999.79248046875,,,44100,0.5,2,-98.8385256943445,,,,
fidelity,product,0.5,0.5,,,,,,0.5,,,3999.79248046875,,,44100,0.5,4,-111.04771325006342,,,,
fidelity,product,0.5,0.5,,,,,,0.0,,,3999.79248046875,,,44100,0.0,2,-98.83593637659503,,,,
fidelity,product,0.5,0.5,,,,,,0.0,,,3999.79248046875,,,44100,0.0,4,-111.04408718896158,,,,
fidelity,product,0.5,0.5,,,,,,0.0,,,3999.79248046875,,,44100,1.0,2,-98.83532090098717,,,,
fidelity,product,0.5,0.5,,,,,,0.0,,,3999.79248046875,,,44100,1.0,4,-111.04408646684844,,,,
fidelity,product,0.5,0.5,,,,,,1.0,,,3999.79248046875,,,44100,0.0,2,-98.841714816052,,,,
fidelity,product,0.5,0.5,,,,,,1.0,,,3999.79248046875,,,44100,0.0,4,-111.05134022060594,,,,
fidelity,product,0.5,0.5,,,,,,1.0,,,3999.79248046875,,,44100,1.0,2,-98.84103433210282,,,,
fidelity,product,0.5,0.5,,,,,,1.0,,,3999.79248046875,,,44100,1.0,4,-111.05133948128827,,,,
fidelity,product,0.5,0.05,,,,,,0.5,,,6002.38037109375,,,44100,0.5,2,-107.48986701223353,,,,
fidelity,product,0.5,0.05,,,,,,0.5,,,6002.38037109375,,,44100,0.5,4,-120.22655019175149,,,,
fidelity,product,0.5,0.05,,,,,,0.0,,,6002.38037109375,,,44100,0.0,2,-107.48977331065866,,,,
fidelity,product,0.5,0.05,,,,,,0.0,,,6002.38037109375,,,44100,0.0,4,-120.22645648741423,,,,
fidelity,product,0.5,0.05,,,,,,0.0,,,6002.38037109375,,,44100,1.0,2,-107.48977331065531,,,,
fidelity,product,0.5,0.05,,,,,,0.0,,,6002.38037109375,,,44100,1.0,4,-120.22645648828656,,,,
fidelity,product,0.5,0.05,,,,,,1.0,,,6002.38037109375,,,44100,0.0,2,-107.48996091814286,,,,
fidelity,product,0.5,0.05,,,,,,1.0,,,6002.38037109375,,,44100,0.0,4,-120.2266440982285,,,,
fidelity,product,0.5,0.05,,,,,,1.0,,,6002.38037109375,,,44100,1.0,2,-107.48996091780418,,,,
fidelity,product,0.5,0.05,,,,,,1.0,,,6002.38037109375,,,44100,1.0,4,-120.22664409676749,,,,
fidelity,product,0.5,0.05,,,,,,0.5,,,8004.96826171875,,,44100,0.5,2,-122.04508866564673,,,,
fidelity,product,0.5,0.05,,,,,,0.5,,,8004.96826171875,,,44100,0.5,4,-131.20524532958495,,,,
fidelity,product,0.5,0.05,,,,,,0.0,,,8004.96826171875,,,44100,0.0,2,-122.04504129554765,,,,
fidelity,product,0.5,0.05,,,,,,0.0,,,8004.96826171875,,,44100,0.0,4,-131.2051979514775,,,,
fidelity,product,0.5,0.05,,,,,,0.0,,,8004.96826171875,,,44100,1.0,2,-122.04504130334641,,,,
fidelity,product,0.5,0.05,,,,,,0.0,,,8004.96826171875,,,44100,1.0,4,-131.2051979687736,,,,
fidelity,product,0.5,0.05,,,,,,1.0,,,8004.96826171875,,,44100,0.0,2,-122.04513607529101,,,,
fidelity,product,0.5,0.05,,,,,,1.0,,,8004.96826171875,,,44100,0.0,4,-131.20529273553768,,,,
fidelity,product,0.5,0.05,,,,,,1.0,,,8004.96826171875,,,44100,1.0,2,-122.04513608529494,,,,
fidelity,product,0.5,0.05,,,,,,1.0,,,8004.96826171875,,,44100,1.0,4,-131.20529275077948,,,,
fidelity,product,1.0,0.02,,,,,,0.5,,,113.04931640625,,,44100,0.5,2,-132.85072637857394,,,,
fidelity,product,1.0,0.02,,,,,,0.5,,,113.04931640625,,,44100,0.5,4,-145.05035417574456,,,,
fidelity,product,1.0,0.02,,,,,,0.0,,,113.04931640625,,,44100,0.0,2,-132.78388674901618,,,,
fidelity,product,1.0,0.02,,,,,,0.0,,,113.04931640625,,,44100,0.0,4,-144.98354400948185,,,,
fidelity,product,1.0,0.02,,,,,,0.0,,,113.04931640625,,,44100,1.0,2,-132.78387510771185,,,,
fidelity,product,1.0,0.02,,,,,,0.0,,,113.04931640625,,,44100,1.0,4,-144.98353241281234,,,,
fidelity,product,1.0,0.02,,,,,,1.0,,,113.04931640625,,,44100,0.0,2,-133.0214232549984,,,,
fidelity,product,1.0,0.02,,,,,,1.0,,,113.04931640625,,,44100,0.0,4,-145.22097079971377,,,,
fidelity,product,1.0,0.02,,,,,,1.0,,,113.04931640625,,,44100,1.0,2,-133.02051824029348,,,,
fidelity,product,1.0,0.02,,,,,,1.0,,,113.04931640625,,,44100,1.0,4,-145.22006534196274,,,,
fidelity,product,1.0,0.05,,,,,,0.5,,,446.81396484375,,,44100,0.5,2,-110.07967693316834,,,,
fidelity,product,1.0,0.05,,,,,,0.5,,,446.81396484375,,,44100,0.5,4,-122.27356158740832,,,,
fidelity,product,1.0,0.05,,,,,,0.0,,,446.81396484375,,,44100,0.0,2,-109.97142250849899,,,,
fidelity,product,1.0,0.05,,,,,,0.0,,,446.81396484375,,,44100,0.0,4,-122.1654034157797,,,,
fidelity,product,1.0,0.05,,,,,,0.0,,,446.81396484375,,,44100,1.0,2,-109.9646385764258,,,,
fidelity,product,1.0,0.05,,,,,,0.0,,,446.81396484375,,,44100,1.0,4,-122.1585677607224,,,,
fidelity,product,1.0,0.05,,,,,,1.0,,,446.81396484375,,,44100,0.0,2,-110.21868727267989,,,,
fidelity,product,1.0,0.05,,,,,,1.0,,,446.81396484375,,,44100,0.0,4,-122.4125183242717,,,,
fidelity,product,1.0,0.05,,,,,,1.0,,,446.81396484375,,,44100,1.0,2,-110.19874312742274,,,,
fidelity,product,1.0,0.05,,,,,,1.0,,,446.81396484375,,,44100,1.0,4,-122.39241625857017,,,,
fidelity,product,1.0,0.2,,,,,,0.5,,,446.81396484375,,,44100,0.5,2,-111.24955355375766,,,,
fidelity,product,1.0,0.2,,,,,,0.5,,,446.81396484375,,,44100,0.5,4,-123.43903862422543,,,,
fidelity,product,1.0,0.2,,,,,,0.0,,,446.81396484375,,,44100,0.0,2,-111.22455250897931,,,,
fidelity,product,1.0,0.2,,,,,,0.0,,,446.81396484375,,,44100,0.0,4,-123.4158906244144,,,,
fidelity,product,1.0,0.2,,,,,,0.0,,,446.81396484375,,,44100,1.0,2,-111.0225884503393,,,,
fidelity,product,1.0,0.2,,,,,,0.0,,,446.81396484375,,,44100,1.0,4,-123.21208739343567,,,,
fidelity,product,1.0,0.2,,,,,,1.0,,,446.81396484375,,,44100,0.0,2,-111.4803398883104,,,,
fidelity,product,1.0,0.2,,,,,,1.0,,,446.81396484375,,,44100,0.0,4,-123.66994220570876,,,,
fidelity,product,1.0,0.2,,,,,,1.0,,,446.81396484375,,,44100,1.0,2,-111.16979649864416,,,,
fidelity,product,1.0,0.2,,,,,,1.0,,,446.81396484375,,,44100,1.0,4,-123.3565191411391,,,,
fidelity,product,1.0,0.5,,,,,,0.5,,,113.04931640625,,,44100,0.5,2,-129.55420178257972,,,,
fidelity,product,1.0,0.5,,,,,,0.5,,,113.04931640625,,,44100,0.5,4,-141.74307274202542,,,,
fidelity,product,1.0,0.5,,,,,,0.0,,,113.04931640625,,,44100,0.0,2,-131.93955289996995,,,,
fidelity,product,1.0,0.5,,,,,,0.0,,,113.04931640625,,,44100,0.0,4,-144.13468462302106,,,,
fidelity,product,1.0,0.5,,,,,,0.0,,,113.04931640625,,,44100,1.0,2,-131.6389184526383,,,,
fidelity,product,1.0,0.5,,,,,,0.0,,,113.04931640625,,,44100,1.0,4,-143.83324652896047,,,,
fidelity,product,1.0,0.5,,,,,,1.0,,,113.04931640625,,,44100,0.0,2,-127.74571155118365,,,,
fidelity,product,1.0,0.5,,,,,,1.0,,,113.04931640625,,,44100,0.0,4,-139.92977787615726,,,,
fidelity,product,1.0,0.5,,,,,,1.0,,,113.04931640625,,,44100,1.0,2,-126.77888160424158,,,,
fidelity,product,1.0,0.5,,,,,,1.0,,,113.04931640625,,,44100,1.0,4,-138.9585787091966,,,,
fidelity,product,1.0,0.5,,,,,,0.5,,,1006.67724609375,,,44100,0.5,2,-101.9328174644035,,,,
fidelity,product,1.0,0.5,,,,,,0.5,,,1006.67724609375,,,44100,0.5,4,-114.10573716259256,,,,
fidelity,product,1.0,0.5,,,,,,0.0,,,1006.67724609375,,,44100,0.0,2,-101.86751153625357,,,,
fidelity,product,1.0,0.5,,,,,,0.0,,,1006.67724609375,,,44100,0.0,4,-114.03924643044252,,,,
fidelity,product,1.0,0.5,,,,,,0.0,,,1006.67724609375,,,44100,1.0,2,-101.93159025778462,,,,
fidelity,product,1.0,0.5,,,,,,0.0,,,1006.67724609375,,,44100,1.0,4,-114.10443302109572,,,,
fidelity,product,1.0,0.5,,,,,,1.0,,,1006.67724609375,,,44100,0.0,2,-101.94479285933969,,,,
fidelity,product,1.0,0.5,,,,,,1.0,,,1006.67724609375,,,44100,0.0,4,-114.11773991217615,,,,
fidelity,product,1.0,0.5,,,,,,1.0,,,1006.67724609375,,,44100,1.0,2,-102.01143371303942,,,,
fidelity,product,1.0,0.5,,,,,,1.0,,,1006.67724609375,,,44100,1.0,4,-114.1913150226984,,,,
fidelity,product,1.0,0.5,,,,,,0.5,,,2007.97119140625,,,44100,0.5,2,-84.45896202696476,,,,
fidelity,product,1.0,0.5,,,,,,0.5,,,2007.97119140625,,,44100,0.5,4,-117.40647699652618,,,,
fidelity,product,1.0,0.5,,,,,,0.0,,,2007.97119140625,,,44100,0.0,2,-87.12987148199205,,,,
fidelity,product,1.0,0.5,,,,,,0.0,,,2007.97119140625,,,44100,0.0,4,-117.39591485331707,,,,
fidelity,product,1.0,0.5,,,,,,0.0,,,2007.97119140625,,,44100,1.0,2,-82.42573453943622,,,,
fidelity,product,1.0,0.5,,,,,,0.0,,,2007.97119140625,,,44100,1.0,4,-117.40472892728201,,,,
fidelity,product,1.0,0.5,,,,,,1.0,,,2007.97119140625,,,44100,0.0,2,-86.12125277700115,,,,
fidelity,product,1.0,0.5,,,,,,1.0,,,2007.97119140625,,,44100,0.0,4,-117.4115494687062,,,,
fidelity,product,1.0,0.5,,,,,,1.0,,,2007.97119140625,,,44100,1.0,2,-81.43439817603709,,,,
fidelity,product,1.0,0.5,,,,,,1.0,,,2007.97119140625,,,44100,1.0,4,-117.41363114030096,,,,
fidelity,product,1.0,0.5,,,,,,0.5,,,3999.79248046875,,,44100,0.5,2,-58.17071462914363,,,,
fidelity,product,1.0,0.5,,,,,,0.5,,,3999.79248046875,,,44100,0.5,4,-91.18166031133447,,,,
fidelity,product,1.0,0.5,,,,,,0.0,,,3999.79248046875,,,44100,0.0,2,-58.276391752373755,,,,
fidelity,product,1.0,0.5,,,,,,0.0,,,3999.79248046875,,,44100,0.0,4,-91.36218912802616,,,,
fidelity,product,1.0,0.5,,,,,,0.0,,,3999.79248046875,,,44100,1.0,2,-58.19428272144525,,,,
fidelity,product,1.0,0.5,,,,,,0.0,,,3999.79248046875,,,44100,1.0,4,-91.25096708208352,,,,
fidelity,product,1.0,0.5,,,,,,1.0,,,3999.79248046875,,,44100,0.0,2,-58.143933347527714,,,,
fidelity,product,1.0,0.5,,,,,,1.0,,,3999.79248046875,,,44100,0.0,4,-91.0988846349272,,,,
fidelity,product,1.0,0.5,,,,,,1.0,,,3999.79248046875,,,44100,1.0,2,-58.0621298546678,,,,
fidelity,product,1.0,0.5,,,,,,1.0,,,3999.79248046875,,,44100,1.0,4,-90.9882465551581,,,,
fidelity,product,1.0,0.05,,,,,,0.5,,,6002.38037109375,,,44100,0.5,2,-107.95987014439433,,,,
fidelity,product,1.0,0.05,,,,,,0.5,,,6002.38037109375,,,44100,0.5,4,-120.69656740942767,,,,
fidelity,product,1.0,0.05,,,,,,0.0,,,6002.38037109375,,,44100,0.0,2,-107.9589696594063,,,,
fidelity,product,1.0,0.05,,,,,,0.0,,,6002.38037109375,,,44100,0.0,4,-120.69567657083168,,,,
fidelity,product,1.0,0.05,,,,,,0.0,,,6002.38037109375,,,44100,1.0,2,-107.95898489051483,,,,
fidelity,product,1.0,0.05,,,,,,0.0,,,6002.38037109375,,,44100,1.0,4,-120.69567693459491,,,,
fidelity,product,1.0,0.05,,,,,,1.0,,,6002.38037109375,,,44100,0.0,2,-107.96075101167804,,,,
fidelity,product,1.0,0.05,,,,,,1.0,,,6002.38037109375,,,44100,0.0,4,-120.69745889186225,,,,
fidelity,product,1.0,0.05,,,,,,1.0,,,6002.38037109375,,,44100,1.0,2,-107.96076696508267,,,,
fidelity,product,1.0,0.05,,,,,,1.0,,,6002.38037109375,,,44100,1.0,4,-120.69745926146464,,,,
fidelity,product,1.0,0.05,,,,,,0.5,,,8004.96826171875,,,44100,0.5,2,-120.27133246073356,,,,
fidelity,product,1.0,0.05,,,,,,0.5,,,8004.96826171875,,,44100,0.5,4,-131.674829175416,,,,
fidelity,product,1.0,0.05,,,,,,0.0,,,8004.96826171875,,,44100,0.0,2,-117.2192769316935,,,,
fidelity,product,1.0,0.05,,,,,,0.0,,,8004.96826171875,,,44100,0.0,4,-131.67428307041564,,,,
fidelity,product,1.0,0.05,,,,,,0.0,,,8004.96826171875,,,44100,1.0,2,-121.76517279572505,,,,
fidelity,product,1.0,0.05,,,,,,0.0,,,8004.96826171875,,,44100,1.0,4,-131.67445397168362,,,,
fidelity,product,1.0,0.05,,,,,,1.0,,,8004.96826171875,,,44100,0.0,2,-117.16363219476364,,,,
fidelity,product,1.0,0.05,,,,,,1.0,,,8004.96826171875,,,44100,0.0,4,-131.67518106989334,,,,
fidelity,product,1.0,0.05,,,,,,1.0,,,8004.96826171875,,,44100,1.0,2,-121.75329072544942,,,,
fidelity,product,1.0,0.05,,,,,,1.0,,,8004.96826171875,,,44100,1.0,4,-131.6753530626732,,,,
fidelity,product,0.0,0.02,,,,,,0.5,,,111.328125,,,48000,0.5,2,-134.48045948764306,,,,
fidelity,product,0.0,0.02,,,,,,0.5,,,111.328125,,,48000,0.5,4,-146.68040798881222,,,,
fidelity,product,0.0,0.02,,,,,,0.0,,,111.328125,,,48000,0.0,2,-134.48016409188327,,,,
fidelity,product,0.0,0.02,,,,,,0.0,,,111.328125,,,48000,0.0,4,-146.68011279680582,,,,
fidelity,product,0.0,0.02,,,,,,0.0,,,111.328125,,,48000,1.0,2,-134.48016409425693,,,,
fidelity,product,0.0,0.02,,,,,,0.0,,,111.328125,,,48000,1.0,4,-146.68011281196743,,,,
fidelity,product,0.0,0.02,,,,,,1.0,,,111.328125,,,48000,0.0,2,-134.4813850374486,,,,
fidelity,product,0.0,0.02,,,,,,1.0,,,111.328125,,,48000,0.0,4,-146.68133315889096,,,,
fidelity,product,0.0,0.02,,,,,,1.0,,,111.328125,,,48000,1.0,2,-134.4813850087705,,,,
fidelity,product,0.0,0.02,,,,,,1.0,,,111.328125,,,48000,1.0,4,-146.68133312149777,,,,
fidelity,product,0.0,0.05,,,,,,0.5,,,439.453125,,,48000,0.5,2,-111.21142853093511,,,,
fidelity,product,0.0,0.05,,,,,,0.5,,,439.453125,,,48000,0.5,4,-123.4064309444831,,,,
fidelity,product,0.0,0.05,,,,,,0.0,,,439.453125,,,48000,0.0,2,-111.21063355073488,,,,
fidelity,product,0.0,0.05,,,,,,0.0,,,439.453125,,,48000,0.0,4,-123.40563597673818,,,,
fidelity,product,0.0,0.05,,,,,,0.0,,,439.453125,,,48000,1.0,2,-111.21063336971575,,,,
fidelity,product,0.0,0.05,,,,,,0.0,,,439.453125,,,48000,1.0,4,-123.40563579502628,,,,
fidelity,product,0.0,0.05,,,,,,1.0,,,439.453125,,,48000,0.0,2,-111.21255326312999,,,,
fidelity,product,0.0,0.05,,,,,,1.0,,,439.453125,,,48000,0.0,4,-123.40755565948129,,,,
fidelity,product,0.0,0.05,,,,,,1.0,,,439.453125,,,48000,1.0,2,-111.21255253549364,,,,
fidelity,product,0.0,0.05,,,,,,1.0,,,439.453125,,,48000,1.0,4,-123.40755492690512,,,,
fidelity,product,0.0,0.2,,,,,,0.5,,,439.453125,,,48000,0.5,2,-111.25102832998923,,,,
fidelity,product,0.0,0.2,,,,,,0.5,,,439.453125,,,48000,0.5,4,-123.44602926408243,,,,
fidelity,product,0.0,0.2,,,,,,0.0,,,439.453125,,,48000,0.0,2,-111.2388473549963,,,,
fidelity,product,0.0,0.2,,,,,,0.0,,,439.453125,,,48000,0.0,4,-123.43384904696704,,,,
fidelity,product,0.0,0.2,,,,,,0.0,,,439.453125,,,48000,1.0,2,-111.23880205609754,,,,
fidelity,product,0.0,0.2,,,,,,0.0,,,439.453125,,,48000,1.0,4,-123.433803480553,,,,
fidelity,product,0.0,0.2,,,,,,1.0,,,439.453125,,,48000,0.0,2,-111.26806950236471,,,,
fidelity,product,0.0,0.2,,,,,,1.0,,,439.453125,,,48000,0.0,4,-123.46306971101865,,,,
fidelity,product,0.0,0.2,,,,,,1.0,,,439.453125,,,48000,1.0,2,-111.26789195018767,,,,
fidelity,product,0.0,0.2,,,,,,1.0,,,439.453125,,,48000,1.0,4,-123.46289110545385,,,,
fidelity,product,0.0,0.5,,,,,,0.5,,,111.328125,,,48000,0.5,2,-134.7056622751713,,,,
fidelity,product,0.0,0.5,,,,,,0.5,,,111.328125,,,48000,0.5,4,-146.90548716399664,,,,
fidelity,product,0.0,0.5,,,,,,0.0,,,111.328125,,,48000,0.0,2,-134.56136312231388,,,,
fidelity,product,0.0,0.5,,,,,,0.0,,,111.328125,,,48000,0.0,4,-146.76126830752906,,,,
fidelity,product,0.0,0.5,,,,,,0.0,,,111.328125,,,48000,1.0,2,-134.5612953963439,,,,
fidelity,product,0.0,0.5,,,,,,0.0,,,111.328125,,,48000,1.0,4,-146.76120054185677,,,,
fidelity,product,0.0,0.5,,,,,,1.0,,,111.328125,,,48000,0.0,2,-134.99280597379894,,,,
fidelity,product,0.0,0.5,,,,,,1.0,,,111.328125,,,48000,0.0,4,-147.19244188775141,,,,
fidelity,product,0.0,0.5,,,,,,1.0,,,111.328125,,,48000,1.0,2,-134.98841773921885,,,,
fidelity,product,0.0,0.5,,,,,,1.0,,,111.328125,,,48000,1.0,4,-147.1880515142749,,,,
fidelity,product,0.0,0.5,,,,,,0.5,,,1001.953125,,,48000,0.5,2,-99.84958765490191,,,,
fidelity,product,0.0,0.5,,,,,,0.5,,,1001.953125,,,48000,0.5,4,-112.02587708805143,,,,
fidelity,product,0.0,0.5,,,,,,0.0,,,1001.953125,,,48000,0.0,2,-99.83222593918569,,,,
fidelity,product,0.0,0.5,,,,,,0.0,,,1001.953125,,,48000,0.0,4,-112.00851552974855,,,,
fidelity,product,0.0,0.5,,,,,,0.0,,,1001.953125,,,48000,1.0,2,-99.83177968028363,,,,
fidelity,product,0.0,0.5,,,,,,0.0,,,1001.953125,,,48000,1.0,4,-112.0080687557956,,,,
fidelity,product,0.0,0.5,,,,,,1.0,,,1001.953125,,,48000,0.0,2,-99.86851399176709,,,,
fidelity,product,0.0,0.5,,,,,,1.0,,,1001.953125,,,48000,0.0,4,-112.04480368742384,,,,
fidelity,product,0.0,0.5,,,,,,1.0,,,1001.953125,,,48000,1.0,2,-99.86792363530463,,,,
fidelity,product,0.0,0.5,,,,,,1.0,,,1001.953125,,,48000,1.0,4,-112.0442126175717,,,,
fidelity,product,0.0,0.5,,,,,,0.5,,,1998.046875,,,48000,0.5,2,-99.9879962074774,,,,
fidelity,product,0.0,0.5,,,,,,0.5,,,1998.046875,,,48000,0.5,4,-112.05626107342468,,,,
fidelity,product,0.0,0.5,,,,,,0.0,,,1998.046875,,,48000,0.0,2,-99.98344455560647,,,,
fidelity,product,0.0,0.5,,,,,,0.0,,,1998.046875,,,48000,0.0,4,-112.05171052301122,,,,
fidelity,product,0.0,0.5,,,,,,0.0,,,1998.046875,,,48000,1.0,2,-99.98293150915934,,,,
fidelity,product,0.0,0.5,,,,,,0.0,,,1998.046875,,,48000,1.0,4,-112.05119448952553,,,,
fidelity,product,0.0,0.5,,,,,,1.0,,,1998.046875,,,48000,0.0,2,-99.99299875552072,,,,
fidelity,product,0.0,0.5,,,,,,1.0,,,1998.046875,,,48000,0.0,4,-112.06126466911579,,,,
fidelity,product,0.0,0.5,,,,,,1.0,,,1998.046875,,,48000,1.0,2,-99.9924465459984,,,,
fidelity,product,0.0,0.5,,,,,,1.0,,,1998.046875,,,48000,1.0,4,-112.0607092262167,,,,
fidelity,product,0.0,0.5,,,,,,0.5,,,4001.953125,,,48000,0.5,2,-99.70204318733664,,,,
fidelity,product,0.0,0.5,,,,,,0.5,,,4001.953125,,,48000,0.5,4,-111.9930972837306,,,,
fidelity,product,0.0,0.5,,,,,,0.0,,,4001.953125,,,48000,0.0,2,-99.70087736948838,,,,
fidelity,product,0.0,0.5,,,,,,0.0,,,4001.953125,,,48000,0.0,4,-111.99193145753463,,,,
fidelity,product,0.0,0.5,,,,,,0.0,,,4001.953125,,,48000,1.0,2,-99.70087736926777,,,,
fidelity,product,0.0,0.5,,,,,,0.0,,,4001.953125,,,48000,1.0,4,-111.99193145672794,,,,
fidelity,product,0.0,0.5,,,,,,1.0,,,4001.953125,,,48000,0.0,2,-99.70321400432489,,,,
fidelity,product,0.0,0.5,,,,,,1.0,,,4001.953125,,,48000,0.0,4,-111.99426810943504,,,,
fidelity,product,0.0,0.5,,,,,,1.0,,,4001.953125,,,48000,1.0,2,-99.70321400443007,,,,
fidelity,product,0.0,0.5,,,,,,1.0,,,4001.953125,,,48000,1.0,4,-111.99426810975574,,,,
fidelity,product,0.0,0.05,,,,,,0.5,,,6005.859375,,,48000,0.5,2,-146.60122199918666,,,,
fidelity,product,0.0,0.05,,,,,,0.5,,,6005.859375,,,48000,0.5,4,-170.47581526061055,,,,
fidelity,product,0.0,0.05,,,,,,0.0,,,6005.859375,,,48000,0.0,2,-146.60121571555956,,,,
fidelity,product,0.0,0.05,,,,,,0.0,,,6005.859375,,,48000,0.0,4,-170.47580910956293,,,,
fidelity,product,0.0,0.05,,,,,,0.0,,,6005.859375,,,48000,1.0,2,-146.60121571245338,,,,
fidelity,product,0.0,0.05,,,,,,0.0,,,6005.859375,,,48000,1.0,4,-170.47580907144865,,,,
fidelity,product,0.0,0.05,,,,,,1.0,,,6005.859375,,,48000,0.0,2,-146.60122834741261,,,,
fidelity,product,0.0,0.05,,,,,,1.0,,,6005.859375,,,48000,0.0,4,-170.47582212979927,,,,
fidelity,product,0.0,0.05,,,,,,1.0,,,6005.859375,,,48000,1.0,2,-146.60122831421882,,,,
fidelity,product,0.0,0.05,,,,,,1.0,,,6005.859375,,,48000,1.0,4,-170.4758224037335,,,,
fidelity,product,0.0,0.05,,,,,,0.5,,,7998.046875,,,48000,0.5,2,-100.01151891869958,,,,
fidelity,product,0.0,0.05,,,,,,0.5,,,7998.046875,,,48000,0.5,4,-111.87341292748145,,,,
fidelity,product,0.0,0.05,,,,,,0.0,,,7998.046875,,,48000,0.0,2,-100.01151567333818,,,,
fidelity,product,0.0,0.05,,,,,,0.0,,,7998.046875,,,48000,0.0,4,-111.87340968258938,,,,
fidelity,product,0.0,0.05,,,,,,0.0,,,7998.046875,,,48000,1.0,2,-100.01151567338223,,,,
fidelity,product,0.0,0.05,,,,,,0.0,,,7998.046875,,,48000,1.0,4,-111.87340968227552,,,,
fidelity,product,0.0,0.05,,,,,,1.0,,,7998.046875,,,48000,0.0,2,-100.01152216836013,,,,
fidelity,product,0.0,0.05,,,,,,1.0,,,7998.046875,,,48000,0.0,4,-111.8734161772615,,,,
fidelity,product,0.0,0.05,,,,,,1.0,,,7998.046875,,,48000,1.0,2,-100.01152216840858,,,,
fidelity,product,0.0,0.05,,,,,,1.0,,,7998.046875,,,48000,1.0,4,-111.87341617693554,,,,
fidelity,product,0.5,0.02,,,,,,0.5,,,111.328125,,,48000,0.5,2,-134.48686758965883,,,,
fidelity,product,0.5,0.02,,,,,,0.5,,,111.328125,,,48000,0.5,4,-146.68681271792502,,,,
fidelity,product,0.5,0.02,,,,,,0.0,,,111.328125,,,48000,0.0,2,-134.48221491873252,,,,
fidelity,product,0.5,0.02,,,,,,0.0,,,111.328125,,,48000,0.0,4,-146.6821624919754,,,,
fidelity,product,0.5,0.02,,,,,,0.0,,,111.328125,,,48000,1.0,2,-134.48221487377825,,,,
fidelity,product,0.5,0.02,,,,,,0.0,,,111.328125,,,48000,1.0,4,-146.68216244384826,,,,
fidelity,product,0.5,0.02,,,,,,1.0,,,111.328125,,,48000,0.0,2,-134.50125715419114,,,,
fidelity,product,0.5,0.02,,,,,,1.0,,,111.328125,,,48000,0.0,4,-146.70119459513134,,,,
fidelity,product,0.5,0.02,,,,,,1.0,,,111.328125,,,48000,1.0,2,-134.50125274100012,,,,
fidelity,product,0.5,0.02,,,,,,1.0,,,111.328125,,,48000,1.0,4,-146.70119019599002,,,,
fidelity,product,0.5,0.05,,,,,,0.5,,,439.453125,,,48000,0.5,2,-111.25063902984263,,,,
fidelity,product,0.5,0.05,,,,,,0.5,,,439.453125,,,48000,0.5,4,-123.4456399859034,,,,
fidelity,product,0.5,0.05,,,,,,0.0,,,439.453125,,,48000,0.0,2,-111.2385678692864,,,,
fidelity,product,0.5,0.05,,,,,,0.0,,,439.453125,,,48000,0.0,4,-123.4335695709965,,,,
fidelity,product,0.5,0.05,,,,,,0.0,,,439.453125,,,48000,1.0,2,-111.2385234109813,,,,
fidelity,product,0.5,0.05,,,,,,0.0,,,439.453125,,,48000,1.0,4,-123.43352485241972,,,,
fidelity,product,0.5,0.05,,,,,,1.0,,,439.453125,,,48000,0.0,2,-111.26752837810196,,,,
fidelity,product,0.5,0.05,,,,,,1.0,,,439.453125,,,48000,0.0,4,-123.46252861837458,,,,
fidelity,product,0.5,0.05,,,,,,1.0,,,439.453125,,,48000,1.0,2,-111.26735408210756,,,,
fidelity,product,0.5,0.05,,,,,,1.0,,,439.453125,,,48000,1.0,4,-123.46235329032935,,,,
fidelity,product,0.5,0.2,,,,,,0.5,,,439.453125,,,48000,0.5,2,-111.69732917908128,,,,
fidelity,product,0.5,0.2,,,,,,0.5,,,439.453125,,,48000,0.5,4,-123.8921547820438,,,,
fidelity,product,0.5,0.2,,,,,,0.0,,,439.453125,,,48000,0.0,2,-111.58896572943573,,,,
fidelity,product,0.5,0.2,,,,,,0.0,,,439.453125,,,48000,0.0,4,-123.7838908749503,,,,
fidelity,product,0.5,0.2,,,,,,0.0,,,439.453125,,,48000,1.0,2,-111.58077274454917,,,,
fidelity,product,0.5,0.2,,,,,,0.0,,,439.453125,,,48000,1.0,4,-123.77564705530216,,,,
fidelity,product,0.5,0.2,,,,,,1.0,,,439.453125,,,48000,0.0,2,-111.8385648034436,,,,
fidelity,product,0.5,0.2,,,,,,1.0,,,439.453125,,,48000,0.0,4,-124.03333044378667,,,,
fidelity,product,0.5,0.2,,,,,,1.0,,,439.453125,,,48000,1.0,2,-111.81367673115332,,,,
fidelity,product,0.5,0.2,,,,,,1.0,,,439.453125,,,48000,1.0,4,-124.00828178690074,,,,
fidelity,product,0.5,0.5,,,,,,0.5,,,111.328125,,,48000,0.5,2,-135.16077921873685,,,,
fidelity,product,0.5,0.5,,,,,,0.5,,,111.328125,,,48000,0.5,4,-147.3596359909034,,,,
fidelity,product,0.5,0.5,,,,,,0.0,,,111.328125,,,48000,0.0,2,-135.1276914398949,,,,
fidelity,product,0.5,0.5,,,,,,0.0,,,111.328125,,,48000,0.0,4,-147.3271941218884,,,,
fidelity,product,0.5,0.5,,,,,,0.0,,,111.328125,,,48000,1.0,2,-135.11822875369276,,,,
fidelity,product,0.5,0.5,,,,,,0.0,,,111.328125,,,48000,1.0,4,-147.31772608632173,,,,
fidelity,product,0.5,0.5,,,,,,1.0,,,111.328125,,,48000,0.0,2,-134.29164243196826,,,,
fidelity,product,0.5,0.5,,,,,,1.0,,,111.328125,,,48000,0.0,4,-146.48873299461496,,,,
fidelity,product,0.5,0.5,,,,,,1.0,,,111.328125,,,48000,1.0,2,-134.09252016994384,,,,
fidelity,product,0.5,0.5,,,,,,1.0,,,111.328125,,,48000,1.0,4,-146.28923619099342,,,,
fidelity,product,0.5,0.5,,,,,,0.5,,,1001.953125,,,48000,0.5,2,-101.14830325894467,,,,
fidelity,product,0.5,0.5,,,,,,0.5,,,1001.953125,,,48000,0.5,4,-113.32454143500374,,,,
fidelity,product,0.5,0.5,,,,,,0.0,,,1001.953125,,,48000,0.0,2,-101.0926644062092,,,,
fidelity,product,0.5,0.5,,,,,,0.0,,,1001.953125,,,48000,0.0,4,-113.26893620426198,,,,
fidelity,product,0.5,0.5,,,,,,0.0,,,1001.953125,,,48000,1.0,2,-101.08763360150745,,,,
fidelity,product,0.5,0.5,,,,,,0.0,,,1001.953125,,,48000,1.0,4,-113.26381712953592,,,,
fidelity,product,0.5,0.5,,,,,,1.0,,,1001.953125,,,48000,0.0,2,-101.20682131535861,,,,
fidelity,product,0.5,0.5,,,,,,1.0,,,1001.953125,,,48000,0.0,4,-113.38308725614844,,,,
fidelity,product,0.5,0.5,,,,,,1.0,,,1001.953125,,,48000,1.0,2,-101.2023590817622,,,,
fidelity,product,0.5,0.5,,,,,,1.0,,,1001.953125,,,48000,1.0,4,-113.37851041320333,,,,
fidelity,product,0.5,0.5,,,,,,0.5,,,1998.046875,,,48000,0.5,2,-101.2868793720189,,,,
fidelity,product,0.5,0.5,,,,,,0.5,,,1998.046875,,,48000,0.5,4,-113.3551460420484,,,,
fidelity,product,0.5,0.5,,,,,,0.0,,,1998.046875,,,48000,0.0,2,-101.27294097660427,,,,
fidelity,product,0.5,0.5,,,,,,0.0,,,1998.046875,,,48000,0.0,4,-113.3412024693994,,,,
fidelity,product,0.5,0.5,,,,,,0.0,,,1998.046875,,,48000,1.0,2,-101.26931610639177,,,,
fidelity,product,0.5,0.5,,,,,,0.0,,,1998.046875,,,48000,1.0,4,-113.3376002005505,,,,
fidelity,product,0.5,0.5,,,,,,1.0,,,1998.046875,,,48000,0.0,2,-101.3030076085102,,,,
fidelity,product,0.5,0.5,,,,,,1.0,,,1998.046875,,,48000,0.0,4,-113.3712708447203,,,,
fidelity,product,0.5,0.5,,,,,,1.0,,,1998.046875,,,48000,1.0,2,-101.29965742162557,,,,
fidelity,product,0.5,0.5,,,,,,1.0,,,1998.046875,,,48000,1.0,4,-113.3679516915228,,,,
fidelity,product,0.5,0.5,,,,,,0.5,,,4001.953125,,,48000,0.5,2,-100.99984215358027,,,,
fidelity,product,0.5,0.5,,,,,,0.5,,,4001.953125,,,48000,0.5,4,-113.29355858081611,,,,
fidelity,product,0.5,0.5,,,,,,0.0,,,4001.953125,,,48000,0.0,2,-100.99632199165397,,,,
fidelity,product,0.5,0.5,,,,,,0.0,,,4001.953125,,,48000,0.0,4,-113.28990488331763,,,,
fidelity,product,0.5,0.5,,,,,,0.0,,,4001.953125,,,48000,1.0,2,-100.99634895568445,,,,
fidelity,product,0.5,0.5,,,,,,0.0,,,4001.953125,,,48000,1.0,4,-113.28990488444938,,,,
fidelity,product,0.5,0.5,,,,,,1.0,,,4001.953125,,,48000,0.0,2,-101.0033260300378,,,,
fidelity,product,0.5,0.5,,,,,,1.0,,,4001.953125,,,48000,0.0,4,-113.29721294969585,,,,
fidelity,product,0.5,0.5,,,,,,1.0,,,4001.953125,,,48000,1.0,2,-101.00335617587332,,,,
fidelity,product,0.5,0.5,,,,,,1.0,,,4001.953125,,,48000,1.0,4,-113.29721295129775,,,,
fidelity,product,0.5,0.05,,,,,,0.5,,,6005.859375,,,48000,0.5,2,-146.64073448482299,,,,
fidelity,product,0.5,0.05,,,,,,0.5,,,6005.859375,,,48000,0.5,4,-170.51608387096758,,,,
fidelity,product,0.5,0.05,,,,,,0.0,,,6005.859375,,,48000,0.0,2,-146.64063862682778,,,,
fidelity,product,0.5,0.05,,,,,,0.0,,,6005.859375,,,48000,0.0,4,-170.51598717654983,,,,
fidelity,product,0.5,0.05,,,,,,0.0,,,6005.859375,,,48000,1.0,2,-146.64063862121108,,,,
fidelity,product,0.5,0.05,,,,,,0.0,,,6005.859375,,,48000,1.0,4,-170.51598690799335,,,,
fidelity,product,0.5,0.05,,,,,,1.0,,,6005.859375,,,48000,0.0,2,-146.64083053411713,,,,
fidelity,product,0.5,0.05,,,,,,1.0,,,6005.859375,,,48000,0.0,4,-170.51618217614714,,,,
fidelity,product,0.5,0.05,,,,,,1.0,,,6005.859375,,,48000,1.0,2,-146.64083054894712,,,,
fidelity,product,0.5,0.05,,,,,,1.0,,,6005.859375,,,48000,1.0,4,-170.51618251385526,,,,
fidelity,product,0.5,0.05,,,,,,0.5,,,7998.046875,,,48000,0.5,2,-100.05089482517573,,,,
fidelity,product,0.5,0.05,,,,,,0.5,,,7998.046875,,,48000,0.5,4,-111.91278932043511,,,,
fidelity,product,0.5,0.05,,,,,,0.0,,,7998.046875,,,48000,0.0,2,-100.05084545066569,,,,
fidelity,product,0.5,0.05,,,,,,0.0,,,7998.046875,,,48000,0.0,4,-111.91273994534966,,,,
fidelity,product,0.5,0.05,,,,,,0.0,,,7998.046875,,,48000,1.0,2,-100.05084545063704,,,,
fidelity,product,0.5,0.05,,,,,,0.0,,,7998.046875,,,48000,1.0,4,-111.91273994531917,,,,
fidelity,product,0.5,0.05,,,,,,1.0,,,7998.046875,,,48000,0.0,2,-100.05094425646192,,,,
fidelity,product,0.5,0.05,,,,,,1.0,,,7998.046875,,,48000,0.0,4,-111.91283875222825,,,,
fidelity,product,0.5,0.05,,,,,,1.0,,,7998.046875,,,48000,1.0,2,-100.0509442563048,,,,
fidelity,product,0.5,0.05,,,,,,1.0,,,7998.046875,,,48000,1.0,4,-111.91283875199662,,,,
fidelity,product,1.0,0.02,,,,,,0.5,,,111.328125,,,48000,0.5,2,-134.58091944693558,,,,
fidelity,product,1.0,0.02,,,,,,0.5,,,111.328125,,,48000,0.5,4,-146.78081400886305,,,,
fidelity,product,1.0,0.02,,,,,,0.0,,,111.328125,,,48000,0.0,2,-134.51392045397586,,,,
fidelity,product,1.0,0.02,,,,,,0.0,,,111.328125,,,48000,0.0,4,-146.7138512151428,,,,
fidelity,product,1.0,0.02,,,,,,0.0,,,111.328125,,,48000,1.0,2,-134.5139091050623,,,,
fidelity,product,1.0,0.02,,,,,,0.0,,,111.328125,,,48000,1.0,4,-146.7138398087093,,,,
fidelity,product,1.0,0.02,,,,,,1.0,,,111.328125,,,48000,0.0,2,-134.75264568894497,,,,
fidelity,product,1.0,0.02,,,,,,1.0,,,111.328125,,,48000,0.0,4,-146.95244355885825,,,,
fidelity,product,1.0,0.02,,,,,,1.0,,,111.328125,,,48000,1.0,2,-134.7517431324606,,,,
fidelity,product,1.0,0.02,,,,,,1.0,,,111.328125,,,48000,1.0,4,-146.95154062527428,,,,
fidelity,product,1.0,0.05,,,,,,0.5,,,439.453125,,,48000,0.5,2,-111.69401866039821,,,,
fidelity,product,1.0,0.05,,,,,,0.5,,,439.453125,,,48000,0.5,4,-123.88884696259694,,,,
fidelity,product,1.0,0.05,,,,,,0.0,,,439.453125,,,48000,0.0,2,-111.58613391914017,,,,
fidelity,product,1.0,0.05,,,,,,0.0,,,439.453125,,,48000,0.0,4,-123.78106028782263,,,,
fidelity,product,1.0,0.05,,,,,,0.0,,,439.453125,,,48000,1.0,2,-111.57807135711197,,,,
fidelity,product,1.0,0.05,,,,,,0.0,,,439.453125,,,48000,1.0,4,-123.7729477214935,,,,
fidelity,product,1.0,0.05,,,,,,1.0,,,439.453125,,,48000,0.0,2,-111.83463878162242,,,,
fidelity,product,1.0,0.05,,,,,,1.0,,,439.453125,,,48000,0.0,4,-124.0294078322937,,,,
fidelity,product,1.0,0.05,,,,,,1.0,,,439.453125,,,48000,1.0,2,-111.81010141425423,,,,
fidelity,product,1.0,0.05,,,,,,1.0,,,439.453125,,,48000,1.0,4,-124.00471224697088,,,,
fidelity,product,1.0,0.2,,,,,,0.5,,,439.453125,,,48000,0.5,2,-112.72681474674874,,,,
fidelity,product,1.0,0.2,,,,,,0.5,,,439.453125,,,48000,0.5,4,-124.91700607396774,,,,
fidelity,product,1.0,0.2,,,,,,0.0,,,439.453125,,,48000,0.0,2,-112.75476162226143,,,,
fidelity,product,1.0,0.2,,,,,,0.0,,,439.453125,,,48000,0.0,4,-124.94694059228979,,,,
fidelity,product,1.0,0.2,,,,,,0.0,,,439.453125,,,48000,1.0,2,-112.50246344596293,,,,
fidelity,product,1.0,0.2,,,,,,0.0,,,439.453125,,,48000,1.0,4,-124.69272144647209,,,,
fidelity,product,1.0,0.2,,,,,,1.0,,,439.453125,,,48000,0.0,2,-112.95987696309447,,,,
fidelity,product,1.0,0.2,,,,,,1.0,,,439.453125,,,48000,0.0,4,-125.15015000835866,,,,
fidelity,product,1.0,0.2,,,,,,1.0,,,439.453125,,,48000,1.0,2,-112.56542630467864,,,,
fidelity,product,1.0,0.2,,,,,,1.0,,,439.453125,,,48000,1.0,4,-124.75259131670194,,,,
fidelity,product,1.0,0.5,,,,,,0.5,,,111.328125,,,48000,0.5,2,-130.9937428469885,,,,
fidelity,product,1.0,0.5,,,,,,0.5,,,111.328125,,,48000,0.5,4,-143.18344928435243,,,,
fidelity,product,1.0,0.5,,,,,,0.0,,,111.328125,,,48000,0.0,2,-133.56720534611114,,,,
fidelity,product,1.0,0.5,,,,,,0.0,,,111.328125,,,48000,0.0,4,-145.76290909516223,,,,
fidelity,product,1.0,0.5,,,,,,0.0,,,111.328125,,,48000,1.0,2,-133.25270446943054,,,,
fidelity,product,1.0,0.5,,,,,,0.0,,,111.328125,,,48000,1.0,4,-145.4476627224321,,,,
fidelity,product,1.0,0.5,,,,,,1.0,,,111.328125,,,48000,0.0,2,-129.02127280163708,,,,
fidelity,product,1.0,0.5,,,,,,1.0,,,111.328125,,,48000,0.0,4,-141.20621431773213,,,,
fidelity,product,1.0,0.5,,,,,,1.0,,,111.328125,,,48000,1.0,2,-127.94303564946344,,,,
fidelity,product,1.0,0.5,,,,,,1.0,,,111.328125,,,48000,1.0,4,-140.12338391131436,,,,
fidelity,product,1.0,0.5,,,,,,0.5,,,1001.953125,,,48000,0.5,2,-102.79562881339925,,,,
fidelity,product,1.0,0.5,,,,,,0.5,,,1001.953125,,,48000,0.5,4,-114.97148566237956,,,,
fidelity,product,1.0,0.5,,,,,,0.0,,,1001.953125,,,48000,0.0,2,-102.73315398887847,,,,
fidelity,product,1.0,0.5,,,,,,0.0,,,1001.953125,,,48000,0.0,4,-114.90921762923051,,,,
fidelity,product,1.0,0.5,,,,,,0.0,,,1001.953125,,,48000,1.0,2,-102.78304631176525,,,,
fidelity,product,1.0,0.5,,,,,,0.0,,,1001.953125,,,48000,1.0,4,-114.95817078056976,,,,
fidelity,product,1.0,0.5,,,,,,1.0,,,1001.953125,,,48000,0.0,2,-102.81189200857298,,,,
fidelity,product,1.0,0.5,,,,,,1.0,,,1001.953125,,,48000,0.0,4,-114.98810674751704,,,,
fidelity,product,1.0,0.5,,,,,,1.0,,,1001.953125,,,48000,1.0,2,-102.86766853630928,,,,
fidelity,product,1.0,0.5,,,,,,1.0,,,1001.953125,,,48000,1.0,4,-115.04370398592255,,,,
fidelity,product,1.0,0.5,,,,,,0.5,,,1998.046875,,,48000,0.5,2,-92.43314507138587,,,,
fidelity,product,1.0,0.5,,,,,,0.5,,,1998.046875,,,48000,0.5,4,-115.00737340000921,,,,
fidelity,product,1.0,0.5,,,,,,0.0,,,1998.046875,,,48000,0.0,2,-94.23299023592442,,,,
fidelity,product,1.0,0.5,,,,,,0.0,,,1998.046875,,,48000,0.0,4,-114.96877255622559,,,,
fidelity,product,1.0,0.5,,,,,,0.0,,,1998.046875,,,48000,1.0,2,-91.30288579987366,,,,
fidelity,product,1.0,0.5,,,,,,0.0,,,1998.046875,,,48000,1.0,4,-115.04552053750024,,,,
fidelity,product,1.0,0.5,,,,,,1.0,,,1998.046875,,,48000,0.0,2,-93.20204920244657,,,,
fidelity,product,1.0,0.5,,,,,,1.0,,,1998.046875,,,48000,0.0,4,-114.98934857762737,,,,
fidelity,product,1.0,0.5,,,,,,1.0,,,1998.046875,,,48000,1.0,2,-90.21122647486324,,,,
fidelity,product,1.0,0.5,,,,,,1.0,,,1998.046875,,,48000,1.0,4,-115.06800638649621,,,,
fidelity,product,1.0,0.5,,,,,,0.5,,,4001.953125,,,48000,0.5,2,-61.48754398243164,,,,
fidelity,product,1.0,0.5,,,,,,0.5,,,4001.953125,,,48000,0.5,4,-96.64819662493927,,,,
fidelity,product,1.0,0.5,,,,,,0.0,,,4001.953125,,,48000,0.0,2,-61.5496568736059,,,,
fidelity,product,1.0,0.5,,,,,,0.0,,,4001.953125,,,48000,0.0,4,-96.77287234318294,,,,
fidelity,product,1.0,0.5,,,,,,0.0,,,4001.953125,,,48000,1.0,2,-61.570955434497286,,,,
fidelity,product,1.0,0.5,,,,,,0.0,,,4001.953125,,,48000,1.0,4,-96.80983149243586,,,,
fidelity,product,1.0,0.5,,,,,,1.0,,,4001.953125,,,48000,0.0,2,-61.40418322840166,,,,
fidelity,product,1.0,0.5,,,,,,1.0,,,4001.953125,,,48000,0.0,4,-96.48622648464256,,,,
fidelity,product,1.0,0.5,,,,,,1.0,,,4001.953125,,,48000,1.0,2,-61.42541148237492,,,,
fidelity,product,1.0,0.5,,,,,,1.0,,,4001.953125,,,48000,1.0,4,-96.52307969496815,,,,
fidelity,product,1.0,0.05,,,,,,0.5,,,6005.859375,,,48000,0.5,2,-147.02347945877702,,,,
fidelity,product,1.0,0.05,,,,,,0.5,,,6005.859375,,,48000,0.5,4,-170.84934094211025,,,,
fidelity,product,1.0,0.05,,,,,,0.0,,,6005.859375,,,48000,0.0,2,-147.02411458177477,,,,
fidelity,product,1.0,0.05,,,,,,0.0,,,6005.859375,,,48000,0.0,4,-170.84953134976618,,,,
fidelity,product,1.0,0.05,,,,,,0.0,,,6005.859375,,,48000,1.0,2,-147.02500786445373,,,,
fidelity,product,1.0,0.05,,,,,,0.0,,,6005.859375,,,48000,1.0,4,-170.85034325605275,,,,
fidelity,product,1.0,0.05,,,,,,1.0,,,6005.859375,,,48000,0.0,2,-147.02188029365286,,,,
fidelity,product,1.0,0.05,,,,,,1.0,,,6005.859375,,,48000,0.0,4,-170.84831657907628,,,,
fidelity,product,1.0,0.05,,,,,,1.0,,,6005.859375,,,48000,1.0,2,-147.02281707517923,,,,
fidelity,product,1.0,0.05,,,,,,1.0,,,6005.859375,,,48000,1.0,4,-170.84914512134083,,,,
fidelity,product,1.0,0.05,,,,,,0.5,,,7998.046875,,,48000,0.5,2,-100.50216106607165,,,,
fidelity,product,1.0,0.05,,,,,,0.5,,,7998.046875,,,48000,0.5,4,-112.38279586920073,,,,
fidelity,product,1.0,0.05,,,,,,0.0,,,7998.046875,,,48000,0.0,2,-100.50188356735278,,,,
fidelity,product,1.0,0.05,,,,,,0.0,,,7998.046875,,,48000,0.0,4,-112.38232671019196,,,,
fidelity,product,1.0,0.05,,,,,,0.0,,,7998.046875,,,48000,1.0,2,-100.50185766861026,,,,
fidelity,product,1.0,0.05,,,,,,0.0,,,7998.046875,,,48000,1.0,4,-112.38232670396684,,,,
fidelity,product,1.0,0.05,,,,,,1.0,,,7998.046875,,,48000,0.0,2,-100.50246333450875,,,,
fidelity,product,1.0,0.05,,,,,,1.0,,,7998.046875,,,48000,0.0,4,-112.38326534628311,,,,
fidelity,product,1.0,0.05,,,,,,1.0,,,7998.046875,,,48000,1.0,2,-100.50243693716949,,,,
fidelity,product,1.0,0.05,,,,,,1.0,,,7998.046875,,,48000,1.0,4,-112.38326534065203,,,,
fidelity,product,0.0,0.02,,,,,,0.5,,,118.4326171875,,,88200,0.5,2,-143.95306343072573,,,,
fidelity,product,0.0,0.02,,,,,,0.5,,,118.4326171875,,,88200,0.5,4,-156.15558554007234,,,,
fidelity,product,0.0,0.02,,,,,,0.0,,,118.4326171875,,,88200,0.0,2,-143.95277217359555,,,,
fidelity,product,0.0,0.02,,,,,,0.0,,,118.4326171875,,,88200,0.0,4,-156.1552948375296,,,,
fidelity,product,0.0,0.02,,,,,,0.0,,,118.4326171875,,,88200,1.0,2,-143.95277216358517,,,,
fidelity,product,0.0,0.02,,,,,,0.0,,,118.4326171875,,,88200,1.0,4,-156.15529482087118,,,,
fidelity,product,0.0,0.02,,,,,,1.0,,,118.4326171875,,,88200,0.0,2,-143.95395379439304,,,,
fidelity,product,0.0,0.02,,,,,,1.0,,,118.4326171875,,,88200,0.0,4,-156.1564744177271,,,,
fidelity,product,0.0,0.02,,,,,,1.0,,,118.4326171875,,,88200,1.0,2,-143.95395379442192,,,,
fidelity,product,0.0,0.02,,,,,,1.0,,,118.4326171875,,,88200,1.0,4,-156.15647466177754,,,,
fidelity,product,0.0,0.05,,,,,,0.5,,,441.4306640625,,,88200,0.5,2,-121.26520992141643,,,,
fidelity,product,0.0,0.05,,,,,,0.5,,,441.4306640625,,,88200,0.5,4,-133.4632621815887,,,,
fidelity,product,0.0,0.05,,,,,,0.0,,,441.4306640625,,,88200,0.0,2,-121.26441963692818,,,,
fidelity,product,0.0,0.05,,,,,,0.0,,,441.4306640625,,,88200,0.0,4,-133.46247197533384,,,,
fidelity,product,0.0,0.05,,,,,,0.0,,,441.4306640625,,,88200,1.0,2,-121.2644192938325,,,,
fidelity,product,0.0,0.05,,,,,,0.0,,,441.4306640625,,,88200,1.0,4,-133.46247162710276,,,,
fidelity,product,0.0,0.05,,,,,,1.0,,,441.4306640625,,,88200,0.0,2,-121.2663257728635,,,,
fidelity,product,0.0,0.05,,,,,,1.0,,,441.4306640625,,,88200,0.0,4,-133.46437793133785,,,,
fidelity,product,0.0,0.05,,,,,,1.0,,,441.4306640625,,,88200,1.0,2,-121.26632440734164,,,,
fidelity,product,0.0,0.05,,,,,,1.0,,,441.4306640625,,,88200,1.0,4,-133.464376557142,,,,
fidelity,product,0.0,0.2,,,,,,0.5,,,441.4306640625,,,88200,0.5,2,-121.3046584172691,,,,
fidelity,product,0.0,0.2,,,,,,0.5,,,441.4306640625,,,88200,0.5,4,-133.50270643633883,,,,
fidelity,product,0.0,0.2,,,,,,0.0,,,441.4306640625,,,88200,0.0,2,-121.29263409467286,,,,
fidelity,product,0.0,0.2,,,,,,0.0,,,441.4306640625,,,88200,0.0,4,-133.49068358856098,,,,
fidelity,product,0.0,0.2,,,,,,0.0,,,441.4306640625,,,88200,1.0,2,-121.29254812470249,,,,
fidelity,product,0.0,0.2,,,,,,0.0,,,441.4306640625,,,88200,1.0,4,-133.49059746624383,,,,
fidelity,product,0.0,0.2,,,,,,1.0,,,441.4306640625,,,88200,0.0,2,-121.32149773485085,,,,
fidelity,product,0.0,0.2,,,,,,1.0,,,441.4306640625,,,88200,0.0,4,-133.5195439265198,,,,
fidelity,product,0.0,0.2,,,,,,1.0,,,441.4306640625,,,88200,1.0,2,-121.32116293788678,,,,
fidelity,product,0.0,0.2,,,,,,1.0,,,441.4306640625,,,88200,1.0,4,-133.51920853868998,,,,
fidelity,product,0.0,0.5,,,,,,0.5,,,118.4326171875,,,88200,0.5,2,-144.17728771460537,,,,
fidelity,product,0.0,0.5,,,,,,0.5,,,118.4326171875,,,88200,0.5,4,-156.37944242612036,,,,
fidelity,product,0.0,0.5,,,,,,0.0,,,118.4326171875,,,88200,0.0,2,-144.03566078256344,,,,
fidelity,product,0.0,0.5,,,,,,0.0,,,118.4326171875,,,88200,0.0,4,-156.2380477284705,,,,
fidelity,product,0.0,0.5,,,,,,0.0,,,118.4326171875,,,88200,1.0,2,-144.03557650697903,,,,
fidelity,product,0.0,0.5,,,,,,0.0,,,118.4326171875,,,88200,1.0,4,-156.23796352558645,,,,
fidelity,product,0.0,0.5,,,,,,1.0,,,118.4326171875,,,88200,0.0,2,-144.453684748287,,,,
fidelity,product,0.0,0.5,,,,,,1.0,,,118.4326171875,,,88200,0.0,4,-156.6553598633158,,,,
fidelity,product,0.0,0.5,,,,,,1.0,,,118.4326171875,,,88200,1.0,2,-144.44865544915248,,,,
fidelity,product,0.0,0.5,,,,,,1.0,,,118.4326171875,,,88200,1.0,4,-156.6503292349017,,,,
fidelity,product,0.0,0.5,,,,,,0.5,,,1001.2939453125,,,88200,0.5,2,-108.04584025206768,,,,
fidelity,product,0.0,0.5,,,,,,0.5,,,1001.2939453125,,,88200,0.5,4,-120.23854062349724,,,,
fidelity,product,0.0,0.5,,,,,,0.0,,,1001.2939453125,,,88200,0.0,2,-108.03003392607344,,,,
fidelity,product,0.0,0.5,,,,,,0.0,,,1001.2939453125,,,88200,0.0,4,-120.22275134903956,,,,
fidelity,product,0.0,0.5,,,,,,0.0,,,1001.2939453125,,,88200,1.0,2,-108.02626044224012,,,,
fidelity,product,0.0,0.5,,,,,,0.0,,,1001.2939453125,,,88200,1.0,4,-120.21894264410048,,,,
fidelity,product,0.0,0.5,,,,,,1.0,,,1001.2939453125,,,88200,0.0,2,-108.06591956185657,,,,
fidelity,product,0.0,0.5,,,,,,1.0,,,1001.2939453125,,,88200,0.0,4,-120.25863148733195,,,,
fidelity,product,0.0,0.5,,,,,,1.0,,,1001.2939453125,,,88200,1.0,2,-108.06077755992146,,,,
fidelity,product,0.0,0.5,,,,,,1.0,,,1001.2939453125,,,88200,1.0,4,-120.2534412041828,,,,
fidelity,product,0.0,0.5,,,,,,0.5,,,2013.3544921875,,,88200,0.5,2,-98.9834121449625,,,,
fidelity,product,0.0,0.5,,,,,,0.5,,,2013.3544921875,,,88200,0.5,4,-111.15474168153035,,,,
fidelity,product,0.0,0.5,,,,,,0.0,,,2013.3544921875,,,88200,0.0,2,-98.97892384369597,,,,
fidelity,product,0.0,0.5,,,,,,0.0,,,2013.3544921875,,,88200,0.0,4,-111.15025139713737,,,,
fidelity,product,0.0,0.5,,,,,,0.0,,,2013.3544921875,,,88200,1.0,2,-98.97833843230593,,,,
fidelity,product,0.0,0.5,,,,,,0.0,,,2013.3544921875,,,88200,1.0,4,-111.14967115956733,,,,
fidelity,product,0.0,0.5,,,,,,1.0,,,2013.3544921875,,,88200,0.0,2,-98.98840609558329,,,,
fidelity,product,0.0,0.5,,,,,,1.0,,,2013.3544921875,,,88200,0.0,4,-111.15973386497915,,,,
fidelity,product,0.0,0.5,,,,,,1.0,,,2013.3544921875,,,88200,1.0,2,-98.98777588095672,,,,
fidelity,product,0.0,0.5,,,,,,1.0,,,2013.3544921875,,,88200,1.0,4,-111.15910925829712,,,,
fidelity,product,0.0,0.5,,,,,,0.5,,,4015.9423828125,,,88200,0.5,2,-102.49798396662158,,,,
fidelity,product,0.0,0.5,,,,,,0.5,,,4015.9423828125,,,88200,0.5,4,-114.51620508787407,,,,
fidelity,product,0.0,0.5,,,,,,0.0,,,4015.9423828125,,,88200,0.0,2,-102.49678804295394,,,,
fidelity,product,0.0,0.5,,,,,,0.0,,,4015.9423828125,,,88200,0.0,4,-114.51500915831542,,,,
fidelity,product,0.0,0.5,,,,,,0.0,,,4015.9423828125,,,88200,1.0,2,-102.49678804269296,,,,
fidelity,product,0.0,0.5,,,,,,0.0,,,4015.9423828125,,,88200,1.0,4,-114.51500915744744,,,,
fidelity,product,0.0,0.5,,,,,,1.0,,,4015.9423828125,,,88200,0.0,2,-102.49918515095698,,,,
fidelity,product,0.0,0.5,,,,,,1.0,,,4015.9423828125,,,88200,0.0,4,-114.51740627803821,,,,
fidelity,product,0.0,0.5,,,,,,1.0,,,4015.9423828125,,,88200,1.0,2,-102.49918515101199,,,,
fidelity,product,0.0,0.5,,,,,,1.0,,,4015.9423828125,,,88200,1.0,4,-114.51740627938102,,,,
fidelity,product,0.0,0.05,,,,,,0.5,,,5996.9970703125,,,88200,0.5,2,-118.96988997577834,,,,
fidelity,product,0.0,0.05,,,,,,0.5,,,5996.9970703125,,,88200,0.5,4,-131.7244136006997,,,,
fidelity,product,0.0,0.05,,,,,,0.0,,,5996.9970703125,,,88200,0.0,2,-118.9698831829271,,,,
fidelity,product,0.0,0.05,,,,,,0.0,,,5996.9970703125,,,88200,0.0,4,-131.72440681317582,,,,
fidelity,product,0.0,0.05,,,,,,0.0,,,5996.9970703125,,,88200,1.0,2,-118.96988318318137,,,,
fidelity,product,0.0,0.05,,,,,,0.0,,,5996.9970703125,,,88200,1.0,4,-131.72440681639503,,,,
fidelity,product,0.0,0.05,,,,,,1.0,,,5996.9970703125,,,88200,0.0,2,-118.96989678647616,,,,
fidelity,product,0.0,0.05,,,,,,1.0,,,5996.9970703125,,,88200,0.0,4,-131.72442041408084,,,,
fidelity,product,0.0,0.05,,,,,,1.0,,,5996.9970703125,,,88200,1.0,2,-118.96989678627699,,,,
fidelity,product,0.0,0.05,,,,,,1.0,,,5996.9970703125,,,88200,1.0,4,-131.7244204106824,,,,
fidelity,product,0.0,0.05,,,,,,0.5,,,7999.5849609375,,,88200,0.5,2,-97.31660339291601,,,,
fidelity,product,0.0,0.05,,,,,,0.5,,,7999.5849609375,,,88200,0.5,4,-109.5111612933982,,,,
fidelity,product,0.0,0.05,,,,,,0.0,,,7999.5849609375,,,88200,0.0,2,-97.31659966184823,,,,
fidelity,product,0.0,0.05,,,,,,0.0,,,7999.5849609375,,,88200,0.0,4,-109.5111575621476,,,,
fidelity,product,0.0,0.05,,,,,,0.0,,,7999.5849609375,,,88200,1.0,2,-97.3165996619173,,,,
fidelity,product,0.0,0.05,,,,,,0.0,,,7999.5849609375,,,88200,1.0,4,-109.511157562131,,,,
fidelity,product,0.0,0.05,,,,,,1.0,,,7999.5849609375,,,88200,0.0,2,-97.31660712898613,,,,
fidelity,product,0.0,0.05,,,,,,1.0,,,7999.5849609375,,,88200,0.0,4,-109.51116502940053,,,,
fidelity,product,0.0,0.05,,,,,,1.0,,,7999.5849609375,,,88200,1.0,2,-97.31660712895831,,,,
fidelity,product,0.0,0.05,,,,,,1.0,,,7999.5849609375,,,88200,1.0,4,-109.5111650293924,,,,
fidelity,product,0.5,0.02,,,,,,0.5,,,118.4326171875,,,88200,0.5,2,-143.95945770389682,,,,
fidelity,product,0.5,0.02,,,,,,0.5,,,118.4326171875,,,88200,0.5,4,-156.16196942606229,,,,
fidelity,product,0.5,0.02,,,,,,0.0,,,118.4326171875,,,88200,0.0,2,-143.95487002529455,,,,
fidelity,product,0.5,0.02,,,,,,0.0,,,118.4326171875,,,88200,0.0,4,-156.15738925325792,,,,
fidelity,product,0.5,0.02,,,,,,0.0,,,118.4326171875,,,88200,1.0,2,-143.95486993282475,,,,
fidelity,product,0.5,0.02,,,,,,0.0,,,118.4326171875,,,88200,1.0,4,-156.15738912340382,,,,
fidelity,product,0.5,0.02,,,,,,1.0,,,118.4326171875,,,88200,0.0,2,-143.97330225733734,,,,
fidelity,product,0.5,0.02,,,,,,1.0,,,118.4326171875,,,88200,0.0,4,-156.1757912853189,,,,
fidelity,product,0.5,0.02,,,,,,1.0,,,118.4326171875,,,88200,1.0,2,-143.9732972548541,,,,
fidelity,product,0.5,0.02,,,,,,1.0,,,118.4326171875,,,88200,1.0,4,-156.1757863105869,,,,
fidelity,product,0.5,0.05,,,,,,0.5,,,441.4306640625,,,88200,0.5,2,-121.30427187801119,,,,
fidelity,product,0.5,0.05,,,,,,0.5,,,441.4306640625,,,88200,0.5,4,-133.50231994558416,,,,
fidelity,product,0.5,0.05,,,,,,0.0,,,441.4306640625,,,88200,0.0,2,-121.29235510148118,,,,
fidelity,product,0.5,0.05,,,,,,0.0,,,441.4306640625,,,88200,0.0,4,-133.4904046169332,,,,
fidelity,product,0.5,0.05,,,,,,0.0,,,441.4306640625,,,88200,1.0,2,-121.29227072905401,,,,
fidelity,product,0.5,0.05,,,,,,0.0,,,441.4306640625,,,88200,1.0,4,-133.49032009437062,,,,
fidelity,product,0.5,0.05,,,,,,1.0,,,441.4306640625,,,88200,0.0,2,-121.32096183841463,,,,
fidelity,product,0.5,0.05,,,,,,1.0,,,441.4306640625,,,88200,0.0,4,-133.51900809332514,,,,
fidelity,product,0.5,0.05,,,,,,1.0,,,441.4306640625,,,88200,1.0,2,-121.32063319524309,,,,
fidelity,product,0.5,0.05,,,,,,1.0,,,441.4306640625,,,88200,1.0,4,-133.5186788707542,,,,
fidelity,product,0.5,0.2,,,,,,0.5,,,441.4306640625,,,88200,0.5,2,-121.72546107040543,,,,
fidelity,product,0.5,0.2,,,,,,0.5,,,441.4306640625,,,88200,0.5,4,-133.9233729932424,,,,
fidelity,product,0.5,0.2,,,,,,0.0,,,441.4306640625,,,88200,0.0,2,-121.63257783392223,,,,
fidelity,product,0.5,0.2,,,,,,0.0,,,441.4306640625,,,88200,0.0,4,-133.8305560052104,,,,
fidelity,product,0.5,0.2,,,,,,0.0,,,441.4306640625,,,88200,1.0,2,-121.61652794255724,,,,
fidelity,product,0.5,0.2,,,,,,0.0,,,441.4306640625,,,88200,1.0,4,-133.81447632677637,,,,
fidelity,product,0.5,0.2,,,,,,1.0,,,441.4306640625,,,88200,0.0,2,-121.85718701080302,,,,
fidelity,product,0.5,0.2,,,,,,1.0,,,441.4306640625,,,88200,0.0,4,-134.0550546510087,,,,
fidelity,product,0.5,0.2,,,,,,1.0,,,441.4306640625,,,88200,1.0,2,-121.80718487810962,,,,
fidelity,product,0.5,0.2,,,,,,1.0,,,441.4306640625,,,88200,1.0,4,-134.00495307762577,,,,
fidelity,product,0.5,0.5,,,,,,0.5,,,118.4326171875,,,88200,0.5,2,-144.57906353973317,,,,
fidelity,product,0.5,0.5,,,,,,0.5,,,118.4326171875,,,88200,0.5,4,-156.77955485596445,,,,
fidelity,product,0.5,0.5,,,,,,0.0,,,118.4326171875,,,88200,0.0,2,-144.597073521137,,,,
fidelity,product,0.5,0.5,,,,,,0.0,,,118.4326171875,,,88200,0.0,4,-156.7984315493988,,,,
fidelity,product,0.5,0.5,,,,,,0.0,,,118.4326171875,,,88200,1.0,2,-144.58523806786724,,,,
fidelity,product,0.5,0.5,,,,,,0.0,,,118.4326171875,,,88200,1.0,4,-156.78659243521213,,,,
fidelity,product,0.5,0.5,,,,,,1.0,,,118.4326171875,,,88200,0.0,2,-143.58825479610277,,,,
fidelity,product,0.5,0.5,,,,,,1.0,,,118.4326171875,,,88200,0.0,4,-155.7874375736182,,,,
fidelity,product,0.5,0.5,,,,,,1.0,,,118.4326171875,,,88200,1.0,2,-143.31981001140565,,,,
fidelity,product,0.5,0.5,,,,,,1.0,,,118.4326171875,,,88200,1.0,4,-155.51875773415034,,,,
fidelity,product,0.5,0.5,,,,,,0.5,,,1001.2939453125,,,88200,0.5,2,-109.18616430846703,,,,
fidelity,product,0.5,0.5,,,,,,0.5,,,1001.2939453125,,,88200,0.5,4,-121.3770327680413,,,,
fidelity,product,0.5,0.5,,,,,,0.0,,,1001.2939453125,,,88200,0.0,2,-109.21049496117261,,,,
fidelity,product,0.5,0.5,,,,,,0.0,,,1001.2939453125,,,88200,0.0,4,-121.40228826705355,,,,
fidelity,product,0.5,0.5,,,,,,0.0,,,1001.2939453125,,,88200,1.0,2,-109.01873136375586,,,,
fidelity,product,0.5,0.5,,,,,,0.0,,,1001.2939453125,,,88200,1.0,4,-121.20840608105144,,,,
fidelity,product,0.5,0.5,,,,,,1.0,,,1001.2939453125,,,88200,0.0,2,-109.30998626975102,,,,
fidelity,product,0.5,0.5,,,,,,1.0,,,1001.2939453125,,,88200,0.0,4,-121.50159738413805,,,,
fidelity,product,0.5,0.5,,,,,,1.0,,,1001.2939453125,,,88200,1.0,2,-109.08592072116937,,,,
fidelity,product,0.5,0.5,,,,,,1.0,,,1001.2939453125,,,88200,1.0,4,-121.27503080509898,,,,
fidelity,product,0.5,0.5,,,,,,0.5,,,2013.3544921875,,,88200,0.5,2,-100.28172684666922,,,,
fidelity,product,0.5,0.5,,,,,,0.5,,,2013.3544921875,,,88200,0.5,4,-112.45323969556847,,,,
fidelity,product,0.5,0.5,,,,,,0.0,,,2013.3544921875,,,88200,0.0,2,-100.26800589166999,,,,
fidelity,product,0.5,0.5,,,,,,0.0,,,2013.3544921875,,,88200,0.0,4,-112.43943180047039,,,,
fidelity,product,0.5,0.5,,,,,,0.0,,,2013.3544921875,,,88200,1.0,2,-100.26437476169468,,,,
fidelity,product,0.5,0.5,,,,,,0.0,,,2013.3544921875,,,88200,1.0,4,-112.43603878831847,,,,
fidelity,product,0.5,0.5,,,,,,1.0,,,2013.3544921875,,,88200,0.0,2,-100.29787255909135,,,,
fidelity,product,0.5,0.5,,,,,,1.0,,,2013.3544921875,,,88200,0.0,4,-112.46930238021399,,,,
fidelity,product,0.5,0.5,,,,,,1.0,,,2013.3544921875,,,88200,1.0,2,-100.29462711438114,,,,
fidelity,product,0.5,0.5,,,,,,1.0,,,2013.3544921875,,,88200,1.0,4,-112.46630449978377,,,,
fidelity,product,0.5,0.5,,,,,,0.5,,,4015.9423828125,,,88200,0.5,2,-103.79844275142406,,,,
fidelity,product,0.5,0.5,,,,,,0.5,,,4015.9423828125,,,88200,0.5,4,-115.81666882729326,,,,
fidelity,product,0.5,0.5,,,,,,0.0,,,4015.9423828125,,,88200,0.0,2,-103.79469448706305,,,,
fidelity,product,0.5,0.5,,,,,,0.0,,,4015.9423828125,,,88200,0.0,4,-115.81292055146997,,,,
fidelity,product,0.5,0.5,,,,,,0.0,,,4015.9423828125,,,88200,1.0,2,-103.79469448752828,,,,
fidelity,product,0.5,0.5,,,,,,0.0,,,4015.9423828125,,,88200,1.0,4,-115.81292055335011,,,,
fidelity,product,0.5,0.5,,,,,,1.0,,,4015.9423828125,,,88200,0.0,2,-103.80219172478947,,,,
fidelity,product,0.5,0.5,,,,,,1.0,,,4015.9423828125,,,88200,0.0,4,-115.82041781075307,,,,
fidelity,product,0.5,0.5,,,,,,1.0,,,4015.9423828125,,,88200,1.0,2,-103.80219172431848,,,,
fidelity,product,0.5,0.5,,,,,,1.0,,,4015.9423828125,,,88200,1.0,4,-115.82041780968828,,,,
fidelity,product,0.5,0.05,,,,,,0.5,,,5996.9970703125,,,88200,0.5,2,-119.00926256588178,,,,
fidelity,product,0.5,0.05,,,,,,0.5,,,5996.9970703125,,,88200,0.5,4,-131.76378292601981,,,,
fidelity,product,0.5,0.05,,,,,,0.0,,,5996.9970703125,,,88200,0.0,2,-119.00915923287414,,,,
fidelity,product,0.5,0.05,,,,,,0.0,,,5996.9970703125,,,88200,0.0,4,-131.7636795974422,,,,
fidelity,product,0.5,0.05,,,,,,0.0,,,5996.9970703125,,,88200,1.0,2,-119.00915923257166,,,,
fidelity,product,0.5,0.05,,,,,,0.0,,,5996.9970703125,,,88200,1.0,4,-131.7636796032323,,,,
fidelity,product,0.5,0.05,,,,,,1.0,,,5996.9970703125,,,88200,0.0,2,-119.00936614954831,,,,
fidelity,product,0.5,0.05,,,,,,1.0,,,5996.9970703125,,,88200,0.0,4,-131.76388649439798,,,,
fidelity,product,0.5,0.05,,,,,,1.0,,,5996.9970703125,,,88200,1.0,2,-119.00936615032231,,,,
fidelity,product,0.5,0.05,,,,,,1.0,,,5996.9970703125,,,88200,1.0,4,-131.7638864997163,,,,
fidelity,product,0.5,0.05,,,,,,0.5,,,7999.5849609375,,,88200,0.5,2,-97.35597965810678,,,,
fidelity,product,0.5,0.05,,,,,,0.5,,,7999.5849609375,,,88200,0.5,4,-109.55053770099917,,,,
fidelity,product,0.5,0.05,,,,,,0.0,,,7999.5849609375,,,88200,0.0,2,-97.35592289604668,,,,
fidelity,product,0.5,0.05,,,,,,0.0,,,7999.5849609375,,,88200,0.0,4,-109.5504809390412,,,,
fidelity,product,0.5,0.05,,,,,,0.0,,,7999.5849609375,,,88200,1.0,2,-97.35592289608405,,,,
fidelity,product,0.5,0.05,,,,,,0.0,,,7999.5849609375,,,88200,1.0,4,-109.55048093910399,,,,
fidelity,product,0.5,0.05,,,,,,1.0,,,7999.5849609375,,,88200,0.0,2,-97.35603649480544,,,,
fidelity,product,0.5,0.05,,,,,,1.0,,,7999.5849609375,,,88200,0.0,4,-109.55059453775957,,,,
fidelity,product,0.5,0.05,,,,,,1.0,,,7999.5849609375,,,88200,1.0,2,-97.35603649501999,,,,
fidelity,product,0.5,0.05,,,,,,1.0,,,7999.5849609375,,,88200,1.0,4,-109.55059453795343,,,,
fidelity,product,1.0,0.02,,,,,,0.5,,,118.4326171875,,,88200,0.5,2,-144.05322321387195,,,,
fidelity,product,1.0,0.02,,,,,,0.5,,,118.4326171875,,,88200,0.5,4,-156.25558139081403,,,,
fidelity,product,1.0,0.02,,,,,,0.0,,,118.4326171875,,,88200,0.0,2,-143.98727434722497,,,,
fidelity,product,1.0,0.02,,,,,,0.0,,,118.4326171875,,,88200,0.0,4,-156.18974045103252,,,,
fidelity,product,1.0,0.02,,,,,,0.0,,,118.4326171875,,,88200,1.0,2,-143.98726022779724,,,,
fidelity,product,1.0,0.02,,,,,,0.0,,,118.4326171875,,,88200,1.0,4,-156.1897264087143,,,,
fidelity,product,1.0,0.02,,,,,,1.0,,,118.4326171875,,,88200,0.0,2,-144.2186986775255,,,,
fidelity,product,1.0,0.02,,,,,,1.0,,,118.4326171875,,,88200,0.0,4,-156.4207855033179,,,,
fidelity,product,1.0,0.02,,,,,,1.0,,,118.4326171875,,,88200,1.0,2,-144.2176735102446,,,,
fidelity,product,1.0,0.02,,,,,,1.0,,,118.4326171875,,,88200,1.0,4,-156.41976011787384,,,,
fidelity,product,1.0,0.05,,,,,,0.5,,,441.4306640625,,,88200,0.5,2,-121.72255464868209,,,,
fidelity,product,1.0,0.05,,,,,,0.5,,,441.4306640625,,,88200,0.5,4,-133.9204684129116,,,,
fidelity,product,1.0,0.05,,,,,,0.0,,,441.4306640625,,,88200,0.0,2,-121.62991980795745,,,,
fidelity,product,1.0,0.05,,,,,,0.0,,,441.4306640625,,,88200,0.0,4,-133.82789888793315,,,,
fidelity,product,1.0,0.05,,,,,,0.0,,,441.4306640625,,,88200,1.0,2,-121.61413037605732,,,,
fidelity,product,1.0,0.05,,,,,,0.0,,,441.4306640625,,,88200,1.0,4,-133.8120801686967,,,,
fidelity,product,1.0,0.05,,,,,,1.0,,,441.4306640625,,,88200,0.0,2,-121.85377470483635,,,,
fidelity,product,1.0,0.05,,,,,,1.0,,,441.4306640625,,,88200,0.0,4,-134.05164465862964,,,,
fidelity,product,1.0,0.05,,,,,,1.0,,,441.4306640625,,,88200,1.0,2,-121.80450617333699,,,,
fidelity,product,1.0,0.05,,,,,,1.0,,,441.4306640625,,,88200,1.0,4,-134.00227826833716,,,,
fidelity,product,1.0,0.2,,,,,,0.5,,,441.4306640625,,,88200,0.5,2,-121.92889633966587,,,,
fidelity,product,1.0,0.2,,,,,,0.5,,,441.4306640625,,,88200,0.5,4,-134.12270747062075,,,,
fidelity,product,1.0,0.2,,,,,,0.0,,,441.4306640625,,,88200,0.0,2,-122.34064713897911,,,,
fidelity,product,1.0,0.2,,,,,,0.0,,,441.4306640625,,,88200,0.0,4,-134.53648848711185,,,,
fidelity,product,1.0,0.2,,,,,,0.0,,,441.4306640625,,,88200,1.0,2,-121.70550828564652,,,,
fidelity,product,1.0,0.2,,,,,,0.0,,,441.4306640625,,,88200,1.0,4,-133.8993140098265,,,,
fidelity,product,1.0,0.2,,,,,,1.0,,,441.4306640625,,,88200,0.0,2,-122.18998895327493,,,,
fidelity,product,1.0,0.2,,,,,,1.0,,,441.4306640625,,,88200,0.0,4,-134.383971545412,,,,
fidelity,product,1.0,0.2,,,,,,1.0,,,441.4306640625,,,88200,1.0,2,-121.12359833147008,,,,
fidelity,product,1.0,0.2,,,,,,1.0,,,441.4306640625,,,88200,1.0,4,-133.31362432000563,,,,
fidelity,product,1.0,0.5,,,,,,0.5,,,118.4326171875,,,88200,0.5,2,-139.28505290685962,,,,
fidelity,product,1.0,0.5,,,,,,0.5,,,118.4326171875,,,88200,0.5,4,-151.47922119130988,,,,
fidelity,product,1.0,0.5,,,,,,0.0,,,118.4326171875,,,88200,0.0,2,-142.62477269628204,,,,
fidelity,product,1.0,0.5,,,,,,0.0,,,118.4326171875,,,88200,0.0,4,-154.82299886195227,,,,
fidelity,product,1.0,0.5,,,,,,0.0,,,118.4326171875,,,88200,1.0,2,-142.1497524730022,,,,
fidelity,product,1.0,0.5,,,,,,0.0,,,118.4326171875,,,88200,1.0,4,-154.34743372933286,,,,
fidelity,product,1.0,0.5,,,,,,1.0,,,118.4326171875,,,88200,0.0,2,-136.75976894377945,,,,
fidelity,product,1.0,0.5,,,,,,1.0,,,118.4326171875,,,88200,0.0,4,-148.95036714699694,,,,
fidelity,product,1.0,0.5,,,,,,1.0,,,118.4326171875,,,88200,1.0,2,-134.69887081940146,,,,
fidelity,product,1.0,0.5,,,,,,1.0,,,118.4326171875,,,88200,1.0,4,-146.88411952771852,,,,
fidelity,product,1.0,0.5,,,,,,0.5,,,1001.2939453125,,,88200,0.5,2,-110.16296441316258,,,,
fidelity,product,1.0,0.5,,,,,,0.5,,,1001.2939453125,,,88200,0.5,4,-122.34558349822613,,,,
fidelity,product,1.0,0.5,,,,,,0.0,,,1001.2939453125,,,88200,0.0,2,-110.47266970123428,,,,
fidelity,product,1.0,0.5,,,,,,0.0,,,1001.2939453125,,,88200,0.0,4,-122.65961120220915,,,,
fidelity,product,1.0,0.5,,,,,,0.0,,,1001.2939453125,,,88200,1.0,2,-109.61095945622176,,,,
fidelity,product,1.0,0.5,,,,,,0.0,,,1001.2939453125,,,88200,1.0,4,-121.78797194871537,,,,
fidelity,product,1.0,0.5,,,,,,1.0,,,1001.2939453125,,,88200,0.0,2,-110.5238425252133,,,,
fidelity,product,1.0,0.5,,,,,,1.0,,,1001.2939453125,,,88200,0.0,4,-122.7104183608771,,,,
fidelity,product,1.0,0.5,,,,,,1.0,,,1001.2939453125,,,88200,1.0,2,-109.62171429276171,,,,
fidelity,product,1.0,0.5,,,,,,1.0,,,1001.2939453125,,,88200,1.0,4,-121.79792672335026,,,,
fidelity,product,1.0,0.5,,,,,,0.5,,,2013.3544921875,,,88200,0.5,2,-101.94178753642552,,,,
fidelity,product,1.0,0.5,,,,,,0.5,,,2013.3544921875,,,88200,0.5,4,-114.11422687706435,,,,
fidelity,product,1.0,0.5,,,,,,0.0,,,2013.3544921875,,,88200,0.0,2,-101.89918404775375,,,,
fidelity,product,1.0,0.5,,,,,,0.0,,,2013.3544921875,,,88200,0.0,4,-114.07109798872595,,,,
fidelity,product,1.0,0.5,,,,,,0.0,,,2013.3544921875,,,88200,1.0,2,-101.98944111174812,,,,
fidelity,product,1.0,0.5,,,,,,0.0,,,2013.3544921875,,,88200,1.0,4,-114.16260534833779,,,,
fidelity,product,1.0,0.5,,,,,,1.0,,,2013.3544921875,,,88200,0.0,2,-101.9197158813842,,,,
fidelity,product,1.0,0.5,,,,,,1.0,,,2013.3544921875,,,88200,0.0,4,-114.09177149383208,,,,
fidelity,product,1.0,0.5,,,,,,1.0,,,2013.3544921875,,,88200,1.0,2,-102.01200914994192,,,,
fidelity,product,1.0,0.5,,,,,,1.0,,,2013.3544921875,,,88200,1.0,4,-114.18554573263214,,,,
fidelity,product,1.0,0.5,,,,,,0.5,,,4015.9423828125,,,88200,0.5,2,-91.05054622578302,,,,
fidelity,product,1.0,0.5,,,,,,0.5,,,4015.9423828125,,,88200,0.5,4,-117.40061272439615,,,,
fidelity,product,1.0,0.5,,,,,,0.0,,,4015.9423828125,,,88200,0.0,2,-91.1137190473602,,,,
fidelity,product,1.0,0.5,,,,,,0.0,,,4015.9423828125,,,88200,0.0,4,-117.39821244083328,,,,
fidelity,product,1.0,0.5,,,,,,0.0,,,4015.9423828125,,,88200,1.0,2,-91.24456076721202,,,,
fidelity,product,1.0,0.5,,,,,,0.0,,,4015.9423828125,,,88200,1.0,4,-117.39844269712252,,,,
fidelity,product,1.0,0.5,,,,,,1.0,,,4015.9423828125,,,88200,0.0,2,-90.85020711920266,,,,
fidelity,product,1.0,0.5,,,,,,1.0,,,4015.9423828125,,,88200,0.0,4,-117.40272343651537,,,,
fidelity,product,1.0,0.5,,,,,,1.0,,,4015.9423828125,,,88200,1.0,2,-90.98090865884006,,,,
fidelity,product,1.0,0.5,,,,,,1.0,,,4015.9423828125,,,88200,1.0,4,-117.40298394541263,,,,
fidelity,product,1.0,0.05,,,,,,0.5,,,5996.9970703125,,,88200,0.5,2,-119.47923820166574,,,,
fidelity,product,1.0,0.05,,,,,,0.5,,,5996.9970703125,,,88200,0.5,4,-132.23372473852118,,,,
fidelity,product,1.0,0.05,,,,,,0.0,,,5996.9970703125,,,88200,0.0,2,-119.47825597287832,,,,
fidelity,product,1.0,0.05,,,,,,0.0,,,5996.9970703125,,,88200,0.0,4,-132.23274256559958,,,,
fidelity,product,1.0,0.05,,,,,,0.0,,,5996.9970703125,,,88200,1.0,2,-119.47825597202338,,,,
fidelity,product,1.0,0.05,,,,,,0.0,,,5996.9970703125,,,88200,1.0,4,-132.23274256145376,,,,
fidelity,product,1.0,0.05,,,,,,1.0,,,5996.9970703125,,,88200,0.0,2,-119.48022180274921,,,,
fidelity,product,1.0,0.05,,,,,,1.0,,,5996.9970703125,,,88200,0.0,4,-132.23470827887095,,,,
fidelity,product,1.0,0.05,,,,,,1.0,,,5996.9970703125,,,88200,1.0,2,-119.48022180318092,,,,
fidelity,product,1.0,0.05,,,,,,1.0,,,5996.9970703125,,,88200,1.0,4,-132.23470827637578,,,,
fidelity,product,1.0,0.05,,,,,,0.5,,,7999.5849609375,,,88200,0.5,2,-97.8259913072713,,,,
fidelity,product,1.0,0.05,,,,,,0.5,,,7999.5849609375,,,88200,0.5,4,-110.02055082731368,,,,
fidelity,product,1.0,0.05,,,,,,0.0,,,7999.5849609375,,,88200,0.0,2,-97.82545190501621,,,,
fidelity,product,1.0,0.05,,,,,,0.0,,,7999.5849609375,,,88200,0.0,4,-110.02001142418894,,,,
fidelity,product,1.0,0.05,,,,,,0.0,,,7999.5849609375,,,88200,1.0,2,-97.82545190496732,,,,
fidelity,product,1.0,0.05,,,,,,0.0,,,7999.5849609375,,,88200,1.0,4,-110.02001142392645,,,,
fidelity,product,1.0,0.05,,,,,,1.0,,,7999.5849609375,,,88200,0.0,2,-97.82653112177017,,,,
fidelity,product,1.0,0.05,,,,,,1.0,,,7999.5849609375,,,88200,0.0,4,-110.021090643667,,,,
fidelity,product,1.0,0.05,,,,,,1.0,,,7999.5849609375,,,88200,1.0,2,-97.8265311216687,,,,
fidelity,product,1.0,0.05,,,,,,1.0,,,7999.5849609375,,,88200,1.0,4,-110.02109064288393,,,,
fidelity,product,0.0,0.02,,,,,,0.5,,,105.46875,,,96000,0.5,2,-147.43806683081885,,,,
fidelity,product,0.0,0.02,,,,,,0.5,,,105.46875,,,96000,0.5,4,-159.64240428702783,,,,
fidelity,product,0.0,0.02,,,,,,0.0,,,105.46875,,,96000,0.0,2,-147.4377698203348,,,,
fidelity,product,0.0,0.02,,,,,,0.0,,,105.46875,,,96000,0.0,4,-159.64210800725905,,,,
fidelity,product,0.0,0.02,,,,,,0.0,,,105.46875,,,96000,1.0,2,-147.43776982791786,,,,
fidelity,product,0.0,0.02,,,,,,0.0,,,105.46875,,,96000,1.0,4,-159.6421081340247,,,,
fidelity,product,0.0,0.02,,,,,,1.0,,,105.46875,,,96000,0.0,2,-147.43901651741783,,,,
fidelity,product,0.0,0.02,,,,,,1.0,,,105.46875,,,96000,0.0,4,-159.6433515966147,,,,
fidelity,product,0.0,0.02,,,,,,1.0,,,105.46875,,,96000,1.0,2,-147.4390165303328,,,,
fidelity,product,0.0,0.02,,,,,,1.0,,,105.46875,,,96000,1.0,4,-159.64335163193772,,,,
fidelity,product,0.0,0.05,,,,,,0.5,,,457.03125,,,96000,0.5,2,-122.11637016415906,,,,
fidelity,product,0.0,0.05,,,,,,0.5,,,457.03125,,,96000,0.5,4,-134.3145647353021,,,,
fidelity,product,0.0,0.05,,,,,,0.0,,,457.03125,,,96000,0.0,2,-122.11561315784255,,,,
fidelity,product,0.0,0.05,,,,,,0.0,,,457.03125,,,96000,0.0,4,-134.31380781749994,,,,
fidelity,product,0.0,0.05,,,,,,0.0,,,457.03125,,,96000,1.0,2,-122.11561277173107,,,,
fidelity,product,0.0,0.05,,,,,,0.0,,,457.03125,,,96000,1.0,4,-134.31380742757779,,,,
fidelity,product,0.0,0.05,,,,,,1.0,,,457.03125,,,96000,0.0,2,-122.11742095537477,,,,
fidelity,product,0.0,0.05,,,,,,1.0,,,457.03125,,,96000,0.0,4,-134.3156154107712,,,,
fidelity,product,0.0,0.05,,,,,,1.0,,,457.03125,,,96000,1.0,2,-122.11741953071673,,,,
fidelity,product,0.0,0.05,,,,,,1.0,,,457.03125,,,96000,1.0,4,-134.31561398117017,,,,
fidelity,product,0.0,0.2,,,,,,0.5,,,457.03125,,,96000,0.5,2,-122.15580973403775,,,,
fidelity,product,0.0,0.2,,,,,,0.5,,,457.03125,,,96000,0.5,4,-134.3539996195082,,,,
fidelity,product,0.0,0.2,,,,,,0.0,,,457.03125,,,96000,0.0,2,-122.14430448228421,,,,
fidelity,product,0.0,0.2,,,,,,0.0,,,457.03125,,,96000,0.0,4,-134.34249588902492,,,,
fidelity,product,0.0,0.2,,,,,,0.0,,,457.03125,,,96000,1.0,2,-122.14420848753704,,,,
fidelity,product,0.0,0.2,,,,,,0.0,,,457.03125,,,96000,1.0,4,-134.34239973929735,,,,
fidelity,product,0.0,0.2,,,,,,1.0,,,457.03125,,,96000,0.0,2,-122.17168343377594,,,,
fidelity,product,0.0,0.2,,,,,,1.0,,,457.03125,,,96000,0.0,4,-134.36987143510112,,,,
fidelity,product,0.0,0.2,,,,,,1.0,,,457.03125,,,96000,1.0,2,-122.17133400695262,,,,
fidelity,product,0.0,0.2,,,,,,1.0,,,457.03125,,,96000,1.0,4,-134.36952145569236,,,,
fidelity,product,0.0,0.5,,,,,,0.5,,,105.46875,,,96000,0.5,2,-147.66185520720083,,,,
fidelity,product,0.0,0.5,,,,,,0.5,,,105.46875,,,96000,0.5,4,-159.8656415548659,,,,
fidelity,product,0.0,0.5,,,,,,0.0,,,105.46875,,,96000,0.0,2,-147.51708636295274,,,,
fidelity,product,0.0,0.5,,,,,,0.0,,,105.46875,,,96000,0.0,4,-159.72122890572413,,,,
fidelity,product,0.0,0.5,,,,,,0.0,,,105.46875,,,96000,1.0,2,-147.517024281828,,,,
fidelity,product,0.0,0.5,,,,,,0.0,,,105.46875,,,96000,1.0,4,-159.72116680899313,,,,
fidelity,product,0.0,0.5,,,,,,1.0,,,105.46875,,,96000,0.0,2,-147.94956337639584,,,,
fidelity,product,0.0,0.5,,,,,,1.0,,,105.46875,,,96000,0.0,4,-160.15260149946724,,,,
fidelity,product,0.0,0.5,,,,,,1.0,,,105.46875,,,96000,1.0,2,-147.94520055720247,,,,
fidelity,product,0.0,0.5,,,,,,1.0,,,105.46875,,,96000,1.0,4,-160.1482373904754,,,,
fidelity,product,0.0,0.5,,,,,,0.5,,,996.09375,,,96000,0.5,2,-109.44775348488153,,,,
fidelity,product,0.0,0.5,,,,,,0.5,,,996.09375,,,96000,0.5,4,-121.64152235706155,,,,
fidelity,product,0.0,0.5,,,,,,0.0,,,996.09375,,,96000,0.0,2,-109.43224991311575,,,,
fidelity,product,0.0,0.5,,,,,,0.0,,,996.09375,,,96000,0.0,4,-121.62603677357342,,,,
fidelity,product,0.0,0.5,,,,,,0.0,,,996.09375,,,96000,1.0,2,-109.42752631192909,,,,
fidelity,product,0.0,0.5,,,,,,0.0,,,996.09375,,,96000,1.0,4,-121.62127633391599,,,,
fidelity,product,0.0,0.5,,,,,,1.0,,,996.09375,,,96000,0.0,2,-109.46833529680856,,,,
fidelity,product,0.0,0.5,,,,,,1.0,,,996.09375,,,96000,0.0,4,-121.66211617728804,,,,
fidelity,product,0.0,0.5,,,,,,1.0,,,996.09375,,,96000,1.0,2,-109.46187052180119,,,,
fidelity,product,0.0,0.5,,,,,,1.0,,,996.09375,,,96000,1.0,4,-121.65560071209421,,,,
fidelity,product,0.0,0.5,,,,,,0.5,,,2003.90625,,,96000,0.5,2,-99.84958937481352,,,,
fidelity,product,0.0,0.5,,,,,,0.5,,,2003.90625,,,96000,0.5,4,-112.02587882534499,,,,
fidelity,product,0.0,0.5,,,,,,0.0,,,2003.90625,,,96000,0.0,2,-99.8450232616763,,,,
fidelity,product,0.0,0.5,,,,,,0.0,,,2003.90625,,,96000,0.0,4,-112.0213128995166,,,,
fidelity,product,0.0,0.5,,,,,,0.0,,,2003.90625,,,96000,1.0,2,-99.84452229861529,,,,
fidelity,product,0.0,0.5,,,,,,0.0,,,2003.90625,,,96000,1.0,4,-112.02081137908186,,,,
fidelity,product,0.0,0.5,,,,,,1.0,,,2003.90625,,,96000,0.0,2,-99.85460154993223,,,,
fidelity,product,0.0,0.5,,,,,,1.0,,,2003.90625,,,96000,0.0,4,-112.03089121821935,,,,
fidelity,product,0.0,0.5,,,,,,1.0,,,2003.90625,,,96000,1.0,2,-99.85406248550285,,,,
fidelity,product,0.0,0.5,,,,,,1.0,,,2003.90625,,,96000,1.0,4,-112.03035154789076,,,,
fidelity,product,0.0,0.5,,,,,,0.5,,,3996.09375,,,96000,0.5,2,-99.98838427337668,,,,
fidelity,product,0.0,0.5,,,,,,0.5,,,3996.09375,,,96000,0.5,4,-112.0566514185471,,,,
fidelity,product,0.0,0.5,,,,,,0.0,,,3996.09375,,,96000,0.0,2,-99.987173815983,,,,
fidelity,product,0.0,0.5,,,,,,0.0,,,3996.09375,,,96000,0.0,4,-112.0554409559897,,,,
fidelity,product,0.0,0.5,,,,,,0.0,,,3996.09375,,,96000,1.0,2,-99.98717381618556,,,,
fidelity,product,0.0,0.5,,,,,,0.0,,,3996.09375,,,96000,1.0,4,-112.05544095608047,,,,
fidelity,product,0.0,0.5,,,,,,1.0,,,3996.09375,,,96000,0.0,2,-99.98960012098861,,,,
fidelity,product,0.0,0.5,,,,,,1.0,,,3996.09375,,,96000,0.0,4,-112.0578672718973,,,,
fidelity,product,0.0,0.5,,,,,,1.0,,,3996.09375,,,96000,1.0,2,-99.98960012107467,,,,
fidelity,product,0.0,0.5,,,,,,1.0,,,3996.09375,,,96000,1.0,4,-112.05786727111332,,,,
fidelity,product,0.0,0.05,,,,,,0.5,,,6011.71875,,,96000,0.5,2,-159.88483298427604,,,,
fidelity,product,0.0,0.05,,,,,,0.5,,,6011.71875,,,96000,0.5,4,-184.41055003751922,,,,
fidelity,product,0.0,0.05,,,,,,0.0,,,6011.71875,,,96000,0.0,2,-159.88482594705275,,,,
fidelity,product,0.0,0.05,,,,,,0.0,,,6011.71875,,,96000,0.0,4,-184.4105428914329,,,,
fidelity,product,0.0,0.05,,,,,,0.0,,,6011.71875,,,96000,1.0,2,-159.88482587333294,,,,
fidelity,product,0.0,0.05,,,,,,0.0,,,6011.71875,,,96000,1.0,4,-184.41054139461613,,,,
fidelity,product,0.0,0.05,,,,,,1.0,,,6011.71875,,,96000,0.0,2,-159.8848398357219,,,,
fidelity,product,0.0,0.05,,,,,,1.0,,,6011.71875,,,96000,0.0,4,-184.41055762490348,,,,
fidelity,product,0.0,0.05,,,,,,1.0,,,6011.71875,,,96000,1.0,2,-159.88483984103271,,,,
fidelity,product,0.0,0.05,,,,,,1.0,,,6011.71875,,,96000,1.0,4,-184.41055540064173,,,,
fidelity,product,0.0,0.05,,,,,,0.5,,,8003.90625,,,96000,0.5,2,-99.46594482303874,,,,
fidelity,product,0.0,0.05,,,,,,0.5,,,8003.90625,,,96000,0.5,4,-111.7569971578821,,,,
fidelity,product,0.0,0.05,,,,,,0.0,,,8003.90625,,,96000,0.0,2,-99.46594106347982,,,,
fidelity,product,0.0,0.05,,,,,,0.0,,,8003.90625,,,96000,0.0,4,-111.75699339876616,,,,
fidelity,product,0.0,0.05,,,,,,0.0,,,8003.90625,,,96000,1.0,2,-99.46594106347474,,,,
fidelity,product,0.0,0.05,,,,,,0.0,,,8003.90625,,,96000,1.0,4,-111.75699339867826,,,,
fidelity,product,0.0,0.05,,,,,,1.0,,,8003.90625,,,96000,0.0,2,-99.46594858783672,,,,
fidelity,product,0.0,0.05,,,,,,1.0,,,8003.90625,,,96000,0.0,4,-111.75700092313791,,,,
fidelity,product,0.0,0.05,,,,,,1.0,,,8003.90625,,,96000,1.0,2,-99.4659485878273,,,,
fidelity,product,0.0,0.05,,,,,,1.0,,,8003.90625,,,96000,1.0,4,-111.7570009233043,,,,
fidelity,product,0.5,0.02,,,,,,0.5,,,105.46875,,,96000,0.5,2,-147.4444509882613,,,,
fidelity,product,0.5,0.02,,,,,,0.5,,,105.46875,,,96000,0.5,4,-159.64877267563432,,,,
fidelity,product,0.5,0.02,,,,,,0.0,,,105.46875,,,96000,0.0,2,-147.43977240979086,,,,
fidelity,product,0.5,0.02,,,,,,0.0,,,105.46875,,,96000,0.0,4,-159.64410566784727,,,,
fidelity,product,0.5,0.02,,,,,,0.0,,,105.46875,,,96000,1.0,2,-147.439772344358,,,,
fidelity,product,0.5,0.02,,,,,,0.0,,,105.46875,,,96000,1.0,4,-159.64410551144098,,,,
fidelity,product,0.5,0.02,,,,,,1.0,,,105.46875,,,96000,0.0,2,-147.45920757025345,,,,
fidelity,product,0.5,0.02,,,,,,1.0,,,105.46875,,,96000,0.0,4,-159.6634925502042,,,,
fidelity,product,0.5,0.02,,,,,,1.0,,,105.46875,,,96000,1.0,2,-147.45920314546308,,,,
fidelity,product,0.5,0.02,,,,,,1.0,,,105.46875,,,96000,1.0,4,-159.6634880779773,,,,
fidelity,product,0.5,0.05,,,,,,0.5,,,457.03125,,,96000,0.5,2,-122.15542335200853,,,,
fidelity,product,0.5,0.05,,,,,,0.5,,,457.03125,,,96000,0.5,4,-134.35361328238767,,,,
fidelity,product,0.5,0.05,,,,,,0.0,,,457.03125,,,96000,0.0,2,-122.14402088082535,,,,
fidelity,product,0.5,0.05,,,,,,0.0,,,457.03125,,,96000,0.0,4,-134.3422123212139,,,,
fidelity,product,0.5,0.05,,,,,,0.0,,,457.03125,,,96000,1.0,2,-122.14392666734638,,,,
fidelity,product,0.5,0.05,,,,,,0.0,,,457.03125,,,96000,1.0,4,-134.34211796296356,,,,
fidelity,product,0.5,0.05,,,,,,1.0,,,457.03125,,,96000,0.0,2,-122.17115609994534,,,,
fidelity,product,0.5,0.05,,,,,,1.0,,,457.03125,,,96000,0.0,4,-134.3693441747376,,,,
fidelity,product,0.5,0.05,,,,,,1.0,,,457.03125,,,96000,1.0,2,-122.17081309512103,,,,
fidelity,product,0.5,0.05,,,,,,1.0,,,457.03125,,,96000,1.0,4,-134.36900061588415,,,,
fidelity,product,0.5,0.2,,,,,,0.5,,,457.03125,,,96000,0.5,2,-122.5751728096494,,,,
fidelity,product,0.5,0.2,,,,,,0.5,,,457.03125,,,96000,0.5,4,-134.773228315842,,,,
fidelity,product,0.5,0.2,,,,,,0.0,,,457.03125,,,96000,0.0,2,-122.48828462168375,,,,
fidelity,product,0.5,0.2,,,,,,0.0,,,457.03125,,,96000,0.0,4,-134.68640252478022,,,,
fidelity,product,0.5,0.2,,,,,,0.0,,,457.03125,,,96000,1.0,2,-122.47041765394351,,,,
fidelity,product,0.5,0.2,,,,,,0.0,,,457.03125,,,96000,1.0,4,-134.66850547259511,,,,
fidelity,product,0.5,0.2,,,,,,1.0,,,457.03125,,,96000,0.0,2,-122.70121620065802,,,,
fidelity,product,0.5,0.2,,,,,,1.0,,,457.03125,,,96000,0.0,4,-134.89923399019975,,,,
fidelity,product,0.5,0.2,,,,,,1.0,,,457.03125,,,96000,1.0,2,-122.64853099568121,,,,
fidelity,product,0.5,0.2,,,,,,1.0,,,457.03125,,,96000,1.0,4,-134.84645389544096,,,,
fidelity,product,0.5,0.5,,,,,,0.5,,,105.46875,,,96000,0.5,2,-148.05314398265006,,,,
fidelity,product,0.5,0.5,,,,,,0.5,,,105.46875,,,96000,0.5,4,-160.25458093111348,,,,
fidelity,product,0.5,0.5,,,,,,0.0,,,105.46875,,,96000,0.0,2,-148.06755661890674,,,,
fidelity,product,0.5,0.5,,,,,,0.0,,,105.46875,,,96000,0.0,4,-160.27021173945897,,,,
fidelity,product,0.5,0.5,,,,,,0.0,,,105.46875,,,96000,1.0,2,-148.05867033323318,,,,
fidelity,product,0.5,0.5,,,,,,0.0,,,105.46875,,,96000,1.0,4,-160.2613228962609,,,,
fidelity,product,0.5,0.5,,,,,,1.0,,,105.46875,,,96000,0.0,2,-146.93227072858306,,,,
fidelity,product,0.5,0.5,,,,,,1.0,,,105.46875,,,96000,0.0,4,-159.13214524487398,,,,
fidelity,product,0.5,0.5,,,,,,1.0,,,105.46875,,,96000,1.0,2,-146.69320999820664,,,,
fidelity,product,0.5,0.5,,,,,,1.0,,,105.46875,,,96000,1.0,4,-158.89290749710042,,,,
fidelity,product,0.5,0.5,,,,,,0.5,,,996.09375,,,96000,0.5,2,-110.53687903652394,,,,
fidelity,product,0.5,0.5,,,,,,0.5,,,996.09375,,,96000,0.5,4,-122.72866672494702,,,,
fidelity,product,0.5,0.5,,,,,,0.0,,,996.09375,,,96000,0.0,2,-110.58638320894275,,,,
fidelity,product,0.5,0.5,,,,,,0.0,,,996.09375,,,96000,0.0,4,-122.77916841643439,,,,
fidelity,product,0.5,0.5,,,,,,0.0,,,996.09375,,,96000,1.0,2,-110.33668472281212,,,,
fidelity,product,0.5,0.5,,,,,,0.0,,,996.09375,,,96000,1.0,4,-122.52720768207524,,,,
fidelity,product,0.5,0.5,,,,,,1.0,,,996.09375,,,96000,0.0,2,-110.68163779775608,,,,
fidelity,product,0.5,0.5,,,,,,1.0,,,996.09375,,,96000,0.0,4,-122.87422077241403,,,,
fidelity,product,0.5,0.5,,,,,,1.0,,,996.09375,,,96000,1.0,2,-110.38870976980478,,,,
fidelity,product,0.5,0.5,,,,,,1.0,,,996.09375,,,96000,1.0,4,-122.57861519511832,,,,
fidelity,product,0.5,0.5,,,,,,0.5,,,2003.90625,,,96000,0.5,2,-101.15080211733505,,,,
fidelity,product,0.5,0.5,,,,,,0.5,,,2003.90625,,,96000,0.5,4,-113.32707757521838,,,,
fidelity,product,0.5,0.5,,,,,,0.0,,,2003.90625,,,96000,0.0,2,-101.13552877138325,,,,
fidelity,product,0.5,0.5,,,,,,0.0,,,2003.90625,,,96000,0.0,4,-113.31181324850917,,,,
fidelity,product,0.5,0.5,,,,,,0.0,,,2003.90625,,,96000,1.0,2,-101.13574884013069,,,,
fidelity,product,0.5,0.5,,,,,,0.0,,,2003.90625,,,96000,1.0,4,-113.31200846523646,,,,
fidelity,product,0.5,0.5,,,,,,1.0,,,2003.90625,,,96000,0.0,2,-101.16575092307397,,,,
fidelity,product,0.5,0.5,,,,,,1.0,,,2003.90625,,,96000,0.0,4,-113.34203508092286,,,,
fidelity,product,0.5,0.5,,,,,,1.0,,,2003.90625,,,96000,1.0,2,-101.16651388426219,,,,
fidelity,product,0.5,0.5,,,,,,1.0,,,2003.90625,,,96000,1.0,4,-113.34277221665349,,,,
fidelity,product,0.5,0.5,,,,,,0.5,,,3996.09375,,,96000,0.5,2,-101.28884349884203,,,,
fidelity,product,0.5,0.5,,,,,,0.5,,,3996.09375,,,96000,0.5,4,-113.3571146944726,,,,
fidelity,product,0.5,0.5,,,,,,0.0,,,3996.09375,,,96000,0.0,2,-101.28504960515235,,,,
fidelity,product,0.5,0.5,,,,,,0.0,,,3996.09375,,,96000,0.0,4,-113.35332079322656,,,,
fidelity,product,0.5,0.5,,,,,,0.0,,,3996.09375,,,96000,1.0,2,-101.28504960502796,,,,
fidelity,product,0.5,0.5,,,,,,0.0,,,3996.09375,,,96000,1.0,4,-113.35332079317988,,,,
fidelity,product,0.5,0.5,,,,,,1.0,,,3996.09375,,,96000,0.0,2,-101.29263811912645,,,,
fidelity,product,0.5,0.5,,,,,,1.0,,,3996.09375,,,96000,0.0,4,-113.3609093236868,,,,
fidelity,product,0.5,0.5,,,,,,1.0,,,3996.09375,,,96000,1.0,2,-101.29263811926174,,,,
fidelity,product,0.5,0.5,,,,,,1.0,,,3996.09375,,,96000,1.0,4,-113.36090932364218,,,,
fidelity,product,0.5,0.05,,,,,,0.5,,,6011.71875,,,96000,0.5,2,-159.92494735069198,,,,
fidelity,product,0.5,0.05,,,,,,0.5,,,6011.71875,,,96000,0.5,4,-184.45469478781257,,,,
fidelity,product,0.5,0.05,,,,,,0.0,,,6011.71875,,,96000,0.0,2,-159.92484208252446,,,,
fidelity,product,0.5,0.05,,,,,,0.0,,,6011.71875,,,96000,0.0,4,-184.454576902389,,,,
fidelity,product,0.5,0.05,,,,,,0.0,,,6011.71875,,,96000,1.0,2,-159.9248420128351,,,,
fidelity,product,0.5,0.05,,,,,,0.0,,,6011.71875,,,96000,1.0,4,-184.45457753059685,,,,
fidelity,product,0.5,0.05,,,,,,1.0,,,6011.71875,,,96000,0.0,2,-159.92505273038495,,,,
fidelity,product,0.5,0.05,,,,,,1.0,,,6011.71875,,,96000,0.0,4,-184.45480982795775,,,,
fidelity,product,0.5,0.05,,,,,,1.0,,,6011.71875,,,96000,1.0,2,-159.92505288080199,,,,
fidelity,product,0.5,0.05,,,,,,1.0,,,6011.71875,,,96000,1.0,4,-184.45481012337726,,,,
fidelity,product,0.5,0.05,,,,,,0.5,,,8003.90625,,,96000,0.5,2,-99.50532109094665,,,,
fidelity,product,0.5,0.05,,,,,,0.5,,,8003.90625,,,96000,0.5,4,-111.79637373620989,,,,
fidelity,product,0.5,0.05,,,,,,0.0,,,8003.90625,,,96000,0.0,2,-99.50526389656426,,,,
fidelity,product,0.5,0.05,,,,,,0.0,,,8003.90625,,,96000,0.0,4,-111.7963165415941,,,,
fidelity,product,0.5,0.05,,,,,,0.0,,,8003.90625,,,96000,1.0,2,-99.50526389648869,,,,
fidelity,product,0.5,0.05,,,,,,0.0,,,8003.90625,,,96000,1.0,4,-111.79631654149796,,,,
fidelity,product,0.5,0.05,,,,,,1.0,,,8003.90625,,,96000,0.0,2,-99.50537836151375,,,,
fidelity,product,0.5,0.05,,,,,,1.0,,,8003.90625,,,96000,0.0,4,-111.79643100620156,,,,
fidelity,product,0.5,0.05,,,,,,1.0,,,8003.90625,,,96000,1.0,2,-99.50537836144036,,,,
fidelity,product,0.5,0.05,,,,,,1.0,,,8003.90625,,,96000,1.0,4,-111.79643100699113,,,,
fidelity,product,1.0,0.02,,,,,,0.5,,,105.46875,,,96000,0.5,2,-147.53805491896702,,,,
fidelity,product,1.0,0.02,,,,,,0.5,,,105.46875,,,96000,0.5,4,-159.74214594387468,,,,
fidelity,product,1.0,0.02,,,,,,0.0,,,105.46875,,,96000,0.0,2,-147.47073659276953,,,,
fidelity,product,1.0,0.02,,,,,,0.0,,,105.46875,,,96000,0.0,4,-159.67499326006035,,,,
fidelity,product,1.0,0.02,,,,,,0.0,,,105.46875,,,96000,1.0,2,-147.47072617715327,,,,
fidelity,product,1.0,0.02,,,,,,0.0,,,105.46875,,,96000,1.0,4,-159.67498279506722,,,,
fidelity,product,1.0,0.02,,,,,,1.0,,,105.46875,,,96000,0.0,2,-147.71266101590663,,,,
fidelity,product,1.0,0.02,,,,,,1.0,,,105.46875,,,96000,0.0,4,-159.9163223019321,,,,
fidelity,product,1.0,0.02,,,,,,1.0,,,105.46875,,,96000,1.0,2,-147.71176729308092,,,,
fidelity,product,1.0,0.02,,,,,,1.0,,,105.46875,,,96000,1.0,4,-159.9154283148056,,,,
fidelity,product,1.0,0.05,,,,,,0.5,,,457.03125,,,96000,0.5,2,-122.57228951513382,,,,
fidelity,product,1.0,0.05,,,,,,0.5,,,457.03125,,,96000,0.5,4,-134.77034678264823,,,,
fidelity,product,1.0,0.05,,,,,,0.0,,,457.03125,,,96000,0.0,2,-122.48560816681398,,,,
fidelity,product,1.0,0.05,,,,,,0.0,,,457.03125,,,96000,0.0,4,-134.68372698604577,,,,
fidelity,product,1.0,0.05,,,,,,0.0,,,457.03125,,,96000,1.0,2,-122.4680308064285,,,,
fidelity,product,1.0,0.05,,,,,,0.0,,,457.03125,,,96000,1.0,4,-134.6661200425393,,,,
fidelity,product,1.0,0.05,,,,,,1.0,,,457.03125,,,96000,0.0,2,-122.6978300151967,,,,
fidelity,product,1.0,0.05,,,,,,1.0,,,457.03125,,,96000,0.0,4,-134.89584993092868,,,,
fidelity,product,1.0,0.05,,,,,,1.0,,,457.03125,,,96000,1.0,2,-122.6459215579896,,,,
fidelity,product,1.0,0.05,,,,,,1.0,,,457.03125,,,96000,1.0,4,-134.8438481001107,,,,
fidelity,product,1.0,0.2,,,,,,0.5,,,457.03125,,,96000,0.5,2,-122.71895805026429,,,,
fidelity,product,1.0,0.2,,,,,,0.5,,,457.03125,,,96000,0.5,4,-134.9130433894443,,,,
fidelity,product,1.0,0.2,,,,,,0.0,,,457.03125,,,96000,0.0,2,-123.17040547625082,,,,
fidelity,product,1.0,0.2,,,,,,0.0,,,457.03125,,,96000,0.0,4,-135.36646595655552,,,,
fidelity,product,1.0,0.2,,,,,,0.0,,,457.03125,,,96000,1.0,2,-122.46363489377308,,,,
fidelity,product,1.0,0.2,,,,,,0.0,,,457.03125,,,96000,1.0,4,-134.6575903642012,,,,
fidelity,product,1.0,0.2,,,,,,1.0,,,457.03125,,,96000,0.0,2,-123.00775035559126,,,,
fidelity,product,1.0,0.2,,,,,,1.0,,,457.03125,,,96000,0.0,4,-135.20210414741956,,,,
fidelity,product,1.0,0.2,,,,,,1.0,,,457.03125,,,96000,1.0,2,-121.84632560824133,,,,
fidelity,product,1.0,0.2,,,,,,1.0,,,457.03125,,,96000,1.0,4,-134.03668035358245,,,,
fidelity,product,1.0,0.5,,,,,,0.5,,,105.46875,,,96000,0.5,2,-142.4949919708377,,,,
fidelity,product,1.0,0.5,,,,,,0.5,,,105.46875,,,96000,0.5,4,-154.6905685740126,,,,
fidelity,product,1.0,0.5,,,,,,0.0,,,105.46875,,,96000,0.0,2,-146.08961231803096,,,,
fidelity,product,1.0,0.5,,,,,,0.0,,,105.46875,,,96000,0.0,4,-158.28872048185352,,,,
fidelity,product,1.0,0.5,,,,,,0.0,,,105.46875,,,96000,1.0,2,-145.69793244260683,,,,
fidelity,product,1.0,0.5,,,,,,0.0,,,105.46875,,,96000,1.0,4,-157.89668874523815,,,,
fidelity,product,1.0,0.5,,,,,,1.0,,,105.46875,,,96000,0.0,2,-139.49720255896318,,,,
fidelity,product,1.0,0.5,,,,,,1.0,,,105.46875,,,96000,0.0,4,-151.68925420750068,,,,
fidelity,product,1.0,0.5,,,,,,1.0,,,105.46875,,,96000,1.0,2,-137.42709449761622,,,,
fidelity,product,1.0,0.5,,,,,,1.0,,,105.46875,,,96000,1.0,4,-149.61450402125772,,,,
fidelity,product,1.0,0.5,,,,,,0.5,,,996.09375,,,96000,0.5,2,-111.2820165276777,,,,
fidelity,product,1.0,0.5,,,,,,0.5,,,996.09375,,,96000,0.5,4,-123.46477621738303,,,,
fidelity,product,1.0,0.5,,,,,,0.0,,,996.09375,,,96000,0.0,2,-111.71054412105232,,,,
fidelity,product,1.0,0.5,,,,,,0.0,,,996.09375,,,96000,0.0,4,-123.8979242354423,,,,
fidelity,product,1.0,0.5,,,,,,0.0,,,996.09375,,,96000,1.0,2,-110.58022317146893,,,,
fidelity,product,1.0,0.5,,,,,,0.0,,,996.09375,,,96000,1.0,4,-122.75724754243898,,,,
fidelity,product,1.0,0.5,,,,,,1.0,,,996.09375,,,96000,0.0,2,-111.75169991690586,,,,
fidelity,product,1.0,0.5,,,,,,1.0,,,996.09375,,,96000,0.0,4,-123.93867017010534,,,,
fidelity,product,1.0,0.5,,,,,,1.0,,,996.09375,,,96000,1.0,2,-110.56910264334505,,,,
fidelity,product,1.0,0.5,,,,,,1.0,,,996.09375,,,96000,1.0,4,-122.74530344284501,,,,
fidelity,product,1.0,0.5,,,,,,0.5,,,2003.90625,,,96000,0.5,2,-102.81885903066781,,,,
fidelity,product,1.0,0.5,,,,,,0.5,,,2003.90625,,,96000,0.5,4,-114.99514690702199,,,,
fidelity,product,1.0,0.5,,,,,,0.0,,,2003.90625,,,96000,0.0,2,-102.7710231352288,,,,
fidelity,product,1.0,0.5,,,,,,0.0,,,2003.90625,,,96000,0.0,4,-114.94731257756165,,,,
fidelity,product,1.0,0.5,,,,,,0.0,,,2003.90625,,,96000,1.0,2,-102.87558873697365,,,,
fidelity,product,1.0,0.5,,,,,,0.0,,,2003.90625,,,96000,1.0,4,-115.05184038051006,,,,
fidelity,product,1.0,0.5,,,,,,1.0,,,2003.90625,,,96000,0.0,2,-102.79192576492925,,,,
fidelity,product,1.0,0.5,,,,,,1.0,,,2003.90625,,,96000,0.0,4,-114.96823372381185,,,,
fidelity,product,1.0,0.5,,,,,,1.0,,,2003.90625,,,96000,1.0,2,-102.89886194336354,,,,
fidelity,product,1.0,0.5,,,,,,1.0,,,2003.90625,,,96000,1.0,4,-115.07516432404839,,,,
fidelity,product,1.0,0.5,,,,,,0.5,,,3996.09375,,,96000,0.5,2,-95.77318456117442,,,,
fidelity,product,1.0,0.5,,,,,,0.5,,,3996.09375,,,96000,0.5,4,-114.94438677087673,,,,
fidelity,product,1.0,0.5,,,,,,0.0,,,3996.09375,,,96000,0.0,2,-95.91675052141835,,,,
fidelity,product,1.0,0.5,,,,,,0.0,,,3996.09375,,,96000,0.0,4,-114.94188241559198,,,,
fidelity,product,1.0,0.5,,,,,,0.0,,,3996.09375,,,96000,1.0,2,-95.8693501333425,,,,
fidelity,product,1.0,0.5,,,,,,0.0,,,3996.09375,,,96000,1.0,4,-114.94187843253337,,,,
fidelity,product,1.0,0.5,,,,,,1.0,,,3996.09375,,,96000,0.0,2,-95.67452469144543,,,,
fidelity,product,1.0,0.5,,,,,,1.0,,,3996.09375,,,96000,0.0,4,-114.94689045640766,,,,
fidelity,product,1.0,0.5,,,,,,1.0,,,3996.09375,,,96000,1.0,2,-95.62670640802155,,,,
fidelity,product,1.0,0.5,,,,,,1.0,,,3996.09375,,,96000,1.0,4,-114.946885919911,,,,
fidelity,product,1.0,0.05,,,,,,0.5,,,6011.71875,,,96000,0.5,2,-160.40261137928786,,,,
fidelity,product,1.0,0.05,,,,,,0.5,,,6011.71875,,,96000,0.5,4,-184.9742747914547,,,,
fidelity,product,1.0,0.05,,,,,,0.0,,,6011.71875,,,96000,0.0,2,-160.40161533505238,,,,
fidelity,product,1.0,0.05,,,,,,0.0,,,6011.71875,,,96000,0.0,4,-184.97320216446388,,,,
fidelity,product,1.0,0.05,,,,,,0.0,,,6011.71875,,,96000,1.0,2,-160.40161516086482,,,,
fidelity,product,1.0,0.05,,,,,,0.0,,,6011.71875,,,96000,1.0,4,-184.97319905091774,,,,
fidelity,product,1.0,0.05,,,,,,1.0,,,6011.71875,,,96000,0.0,2,-160.40360880848743,,,,
fidelity,product,1.0,0.05,,,,,,1.0,,,6011.71875,,,96000,0.0,4,-184.9753462203404,,,,
fidelity,product,1.0,0.05,,,,,,1.0,,,6011.71875,,,96000,1.0,2,-160.40360873793952,,,,
fidelity,product,1.0,0.05,,,,,,1.0,,,6011.71875,,,96000,1.0,4,-184.97534778462744,,,,
fidelity,product,1.0,0.05,,,,,,0.5,,,8003.90625,,,96000,0.5,2,-99.97533309463078,,,,
fidelity,product,1.0,0.05,,,,,,0.5,,,8003.90625,,,96000,0.5,4,-112.26638895679442,,,,
fidelity,product,1.0,0.05,,,,,,0.0,,,8003.90625,,,96000,0.0,2,-99.97478958151918,,,,
fidelity,product,1.0,0.05,,,,,,0.0,,,8003.90625,,,96000,0.0,4,-112.2658454409756,,,,
fidelity,product,1.0,0.05,,,,,,0.0,,,8003.90625,,,96000,1.0,2,-99.9747895815542,,,,
fidelity,product,1.0,0.05,,,,,,0.0,,,8003.90625,,,96000,1.0,4,-112.26584544124316,,,,
fidelity,product,1.0,0.05,,,,,,1.0,,,8003.90625,,,96000,0.0,2,-99.97587702686852,,,,
fidelity,product,1.0,0.05,,,,,,1.0,,,8003.90625,,,96000,0.0,4,-112.2669328921706,,,,
fidelity,product,1.0,0.05,,,,,,1.0,,,8003.90625,,,96000,1.0,2,-99.97587702676537,,,,
fidelity,product,1.0,0.05,,,,,,1.0,,,8003.90625,,,96000,1.0,4,-112.26693289256666,,,,
fidelity,product,0.0,0.02,,,,,,0.5,,,107.666015625,,,176400,0.5,2,-157.66584925096512,,,,
fidelity,product,0.0,0.02,,,,,,0.5,,,107.666015625,,,176400,0.5,4,-169.88237938540163,,,,
fidelity,product,0.0,0.02,,,,,,0.0,,,107.666015625,,,176400,0.0,2,-157.66555634794827,,,,
fidelity,product,0.0,0.02,,,,,,0.0,,,107.666015625,,,176400,0.0,4,-169.8820891869334,,,,
fidelity,product,0.0,0.02,,,,,,0.0,,,107.666015625,,,176400,1.0,2,-157.66555639989878,,,,
fidelity,product,0.0,0.02,,,,,,0.0,,,107.666015625,,,176400,1.0,4,-169.88208941122457,,,,
fidelity,product,0.0,0.02,,,,,,1.0,,,107.666015625,,,176400,0.0,2,-157.66677849247992,,,,
fidelity,product,0.0,0.02,,,,,,1.0,,,107.666015625,,,176400,0.0,4,-169.88330096963625,,,,
fidelity,product,0.0,0.02,,,,,,1.0,,,107.666015625,,,176400,1.0,2,-157.66677848953526,,,,
fidelity,product,0.0,0.02,,,,,,1.0,,,107.666015625,,,176400,1.0,4,-169.8833011698352,,,,
fidelity,product,0.0,0.05,,,,,,0.5,,,452.197265625,,,176400,0.5,2,-132.75249094692154,,,,
fidelity,product,0.0,0.05,,,,,,0.5,,,452.197265625,,,176400,0.5,4,-144.95216179909474,,,,
fidelity,product,0.0,0.05,,,,,,0.0,,,452.197265625,,,176400,0.0,2,-132.75172440518404,,,,
fidelity,product,0.0,0.05,,,,,,0.0,,,452.197265625,,,176400,0.0,4,-144.95139558970527,,,,
fidelity,product,0.0,0.05,,,,,,0.0,,,452.197265625,,,176400,1.0,2,-132.7517239641271,,,,
fidelity,product,0.0,0.05,,,,,,0.0,,,452.197265625,,,176400,1.0,4,-144.95139513956232,,,,
fidelity,product,0.0,0.05,,,,,,1.0,,,452.197265625,,,176400,0.0,2,-132.7535606041221,,,,
fidelity,product,0.0,0.05,,,,,,1.0,,,452.197265625,,,176400,0.0,4,-144.9532309875567,,,,
fidelity,product,0.0,0.05,,,,,,1.0,,,452.197265625,,,176400,1.0,2,-132.7535589184178,,,,
fidelity,product,0.0,0.05,,,,,,1.0,,,452.197265625,,,176400,1.0,4,-144.95322932461565,,,,
fidelity,product,0.0,0.2,,,,,,0.5,,,452.197265625,,,176400,0.5,2,-132.79184693843246,,,,
fidelity,product,0.0,0.2,,,,,,0.5,,,452.197265625,,,176400,0.5,4,-144.99150074790802,,,,
fidelity,product,0.0,0.2,,,,,,0.0,,,452.197265625,,,176400,0.0,2,-132.78022820271067,,,,
fidelity,product,0.0,0.2,,,,,,0.0,,,452.197265625,,,176400,0.0,4,-144.97988711852432,,,,
fidelity,product,0.0,0.2,,,,,,0.0,,,452.197265625,,,176400,1.0,2,-132.78011715570068,,,,
fidelity,product,0.0,0.2,,,,,,0.0,,,452.197265625,,,176400,1.0,4,-144.97977598248175,,,,
fidelity,product,0.0,0.2,,,,,,1.0,,,452.197265625,,,176400,0.0,2,-132.80797390219817,,,,
fidelity,product,0.0,0.2,,,,,,1.0,,,452.197265625,,,176400,0.0,4,-145.00762078810817,,,,
fidelity,product,0.0,0.2,,,,,,1.0,,,452.197265625,,,176400,1.0,2,-132.8075611075736,,,,
fidelity,product,0.0,0.2,,,,,,1.0,,,452.197265625,,,176400,1.0,4,-145.0072077912412,,,,
fidelity,product,0.0,0.5,,,,,,0.5,,,107.666015625,,,176400,0.5,2,-157.8871422870821,,,,
fidelity,product,0.0,0.5,,,,,,0.5,,,107.666015625,,,176400,0.5,4,-170.10186634634476,,,,
fidelity,product,0.0,0.5,,,,,,0.0,,,107.666015625,,,176400,0.0,2,-157.7445755620461,,,,
fidelity,product,0.0,0.5,,,,,,0.0,,,107.666015625,,,176400,0.0,4,-169.9604619750911,,,,
fidelity,product,0.0,0.5,,,,,,0.0,,,107.666015625,,,176400,1.0,2,-157.74450912054778,,,,
fidelity,product,0.0,0.5,,,,,,0.0,,,107.666015625,,,176400,1.0,4,-169.96039559026102,,,,
fidelity,product,0.0,0.5,,,,,,1.0,,,107.666015625,,,176400,0.0,2,-158.16881562811625,,,,
fidelity,product,0.0,0.5,,,,,,1.0,,,107.666015625,,,176400,0.0,4,-170.38112984100624,,,,
fidelity,product,0.0,0.5,,,,,,1.0,,,107.666015625,,,176400,1.0,2,-158.1642656757058,,,,
fidelity,product,0.0,0.5,,,,,,1.0,,,107.666015625,,,176400,1.0,4,-170.37657789654025,,,,
fidelity,product,0.0,0.5,,,,,,0.5,,,1012.060546875,,,176400,0.5,2,-119.17732656677322,,,,
fidelity,product,0.0,0.5,,,,,,0.5,,,1012.060546875,,,176400,0.5,4,-131.3748994016463,,,,
fidelity,product,0.0,0.5,,,,,,0.0,,,1012.060546875,,,176400,0.0,2,-119.16519399969252,,,,
fidelity,product,0.0,0.5,,,,,,0.0,,,1012.060546875,,,176400,0.0,4,-131.3627800096643,,,,
fidelity,product,0.0,0.5,,,,,,0.0,,,1012.060546875,,,176400,1.0,2,-119.15442804120528,,,,
fidelity,product,0.0,0.5,,,,,,0.0,,,1012.060546875,,,176400,1.0,4,-131.3519887189398,,,,
fidelity,product,0.0,0.5,,,,,,1.0,,,1012.060546875,,,176400,0.0,2,-119.19933644402133,,,,
fidelity,product,0.0,0.5,,,,,,1.0,,,1012.060546875,,,176400,0.0,4,-131.39691655985777,,,,
fidelity,product,0.0,0.5,,,,,,1.0,,,1012.060546875,,,176400,1.0,2,-119.18467905436603,,,,
fidelity,product,0.0,0.5,,,,,,1.0,,,1012.060546875,,,176400,1.0,4,-131.38222452149427,,,,
fidelity,product,0.0,0.5,,,,,,0.5,,,2002.587890625,,,176400,0.5,2,-108.04584150184695,,,,
fidelity,product,0.0,0.5,,,,,,0.5,,,2002.587890625,,,176400,0.5,4,-120.23854188686727,,,,
fidelity,product,0.0,0.5,,,,,,0.0,,,2002.587890625,,,176400,0.0,2,-108.04271326816342,,,,
fidelity,product,0.0,0.5,,,,,,0.0,,,2002.587890625,,,176400,0.0,4,-120.2354290450797,,,,
fidelity,product,0.0,0.5,,,,,,0.0,,,2002.587890625,,,176400,1.0,2,-108.03839854561329,,,,
fidelity,product,0.0,0.5,,,,,,0.0,,,2002.587890625,,,176400,1.0,4,-120.23107396751713,,,,
fidelity,product,0.0,0.5,,,,,,1.0,,,2002.587890625,,,176400,0.0,2,-108.05218959985366,,,,
fidelity,product,0.0,0.5,,,,,,1.0,,,2002.587890625,,,176400,0.0,4,-120.24490394444013,,,,
fidelity,product,0.0,0.5,,,,,,1.0,,,2002.587890625,,,176400,1.0,2,-108.04750757986233,,,,
fidelity,product,0.0,0.5,,,,,,1.0,,,2002.587890625,,,176400,1.0,4,-120.24017806513268,,,,
fidelity,product,0.0,0.5,,,,,,0.5,,,4026.708984375,,,176400,0.5,2,-98.98386701629815,,,,
fidelity,product,0.0,0.5,,,,,,0.5,,,4026.708984375,,,176400,0.5,4,-111.15519251902728,,,,
fidelity,product,0.0,0.5,,,,,,0.0,,,4026.708984375,,,176400,0.0,2,-98.98266528083006,,,,
fidelity,product,0.0,0.5,,,,,,0.0,,,4026.708984375,,,176400,0.0,4,-111.15399077817237,,,,
fidelity,product,0.0,0.5,,,,,,0.0,,,4026.708984375,,,176400,1.0,2,-98.98266528094247,,,,
fidelity,product,0.0,0.5,,,,,,0.0,,,4026.708984375,,,176400,1.0,4,-111.1539907781853,,,,
fidelity,product,0.0,0.5,,,,,,1.0,,,4026.708984375,,,176400,0.0,2,-98.98507406412533,,,,
fidelity,product,0.0,0.5,,,,,,1.0,,,4026.708984375,,,176400,0.0,4,-111.15639957205016,,,,
fidelity,product,0.0,0.5,,,,,,1.0,,,4026.708984375,,,176400,1.0,2,-98.98507406426342,,,,
fidelity,product,0.0,0.5,,,,,,1.0,,,4026.708984375,,,176400,1.0,4,-111.1563995722412,,,,
fidelity,product,0.0,0.05,,,,,,0.5,,,6007.763671875,,,176400,0.5,2,-97.37288845959833,,,,
fidelity,product,0.0,0.05,,,,,,0.5,,,6007.763671875,,,176400,0.5,4,-109.49949948240535,,,,
fidelity,product,0.0,0.05,,,,,,0.0,,,6007.763671875,,,176400,0.0,2,-97.37288153388683,,,,
fidelity,product,0.0,0.05,,,,,,0.0,,,6007.763671875,,,176400,0.0,4,-109.49949255710919,,,,
fidelity,product,0.0,0.05,,,,,,0.0,,,6007.763671875,,,176400,1.0,2,-97.37288153376252,,,,
fidelity,product,0.0,0.05,,,,,,0.0,,,6007.763671875,,,176400,1.0,4,-109.49949255663358,,,,
fidelity,product,0.0,0.05,,,,,,1.0,,,6007.763671875,,,176400,0.0,2,-97.37289540334494,,,,
fidelity,product,0.0,0.05,,,,,,1.0,,,6007.763671875,,,176400,0.0,4,-109.49950642643657,,,,
fidelity,product,0.0,0.05,,,,,,1.0,,,6007.763671875,,,176400,1.0,2,-97.37289540334103,,,,
fidelity,product,0.0,0.05,,,,,,1.0,,,6007.763671875,,,176400,1.0,4,-109.49950642658354,,,,
fidelity,product,0.0,0.05,,,,,,0.5,,,8031.884765625,,,176400,0.5,2,-102.26188619570871,,,,
fidelity,product,0.0,0.05,,,,,,0.5,,,8031.884765625,,,176400,0.5,4,-114.28010597240815,,,,
fidelity,product,0.0,0.05,,,,,,0.0,,,8031.884765625,,,176400,0.0,2,-102.26188233831984,,,,
fidelity,product,0.0,0.05,,,,,,0.0,,,8031.884765625,,,176400,0.0,4,-114.28010211473519,,,,
fidelity,product,0.0,0.05,,,,,,0.0,,,8031.884765625,,,176400,1.0,2,-102.26188233800985,,,,
fidelity,product,0.0,0.05,,,,,,0.0,,,8031.884765625,,,176400,1.0,4,-114.28010211370817,,,,
fidelity,product,0.0,0.05,,,,,,1.0,,,8031.884765625,,,176400,0.0,2,-102.26189005837371,,,,
fidelity,product,0.0,0.05,,,,,,1.0,,,8031.884765625,,,176400,0.0,4,-114.28010983487323,,,,
fidelity,product,0.0,0.05,,,,,,1.0,,,8031.884765625,,,176400,1.0,2,-102.26189005853175,,,,
fidelity,product,0.0,0.05,,,,,,1.0,,,8031.884765625,,,176400,1.0,4,-114.28010983499684,,,,
fidelity,product,0.5,0.02,,,,,,0.5,,,107.666015625,,,176400,0.5,2,-157.67216485045856,,,,
fidelity,product,0.5,0.02,,,,,,0.5,,,107.666015625,,,176400,0.5,4,-169.88864286462172,,,,
fidelity,product,0.5,0.02,,,,,,0.0,,,107.666015625,,,176400,0.0,2,-157.6675523230503,,,,
fidelity,product,0.5,0.02,,,,,,0.0,,,107.666015625,,,176400,0.0,4,-169.88406836392915,,,,
fidelity,product,0.5,0.02,,,,,,0.0,,,107.666015625,,,176400,1.0,2,-157.66755230583155,,,,
fidelity,product,0.5,0.02,,,,,,0.0,,,107.666015625,,,176400,1.0,4,-169.88406832522858,,,,
fidelity,product,0.5,0.02,,,,,,1.0,,,107.666015625,,,176400,0.0,2,-157.68660593562595,,,,
fidelity,product,0.5,0.02,,,,,,1.0,,,107.666015625,,,176400,0.0,4,-169.90296557809214,,,,
fidelity,product,0.5,0.02,,,,,,1.0,,,107.666015625,,,176400,1.0,2,-157.6866014021779,,,,
fidelity,product,0.5,0.02,,,,,,1.0,,,107.666015625,,,176400,1.0,4,-169.90296109043885,,,,
fidelity,product,0.5,0.05,,,,,,0.5,,,452.197265625,,,176400,0.5,2,-132.7914618933924,,,,
fidelity,product,0.5,0.05,,,,,,0.5,,,452.197265625,,,176400,0.5,4,-144.99111585423879,,,,
fidelity,product,0.5,0.05,,,,,,0.0,,,452.197265625,,,176400,0.0,2,-132.77994663021636,,,,
fidelity,product,0.5,0.05,,,,,,0.0,,,452.197265625,,,176400,0.0,4,-144.9796056305292,,,,
fidelity,product,0.5,0.05,,,,,,0.0,,,452.197265625,,,176400,1.0,2,-132.7798376569567,,,,
fidelity,product,0.5,0.05,,,,,,0.0,,,452.197265625,,,176400,1.0,4,-144.97949663267966,,,,
fidelity,product,0.5,0.05,,,,,,1.0,,,452.197265625,,,176400,0.0,2,-132.80744595962423,,,,
fidelity,product,0.5,0.05,,,,,,1.0,,,452.197265625,,,176400,0.0,4,-145.00709307685494,,,,
fidelity,product,0.5,0.05,,,,,,1.0,,,452.197265625,,,176400,1.0,2,-132.8070407618631,,,,
fidelity,product,0.5,0.05,,,,,,1.0,,,452.197265625,,,176400,1.0,4,-145.00668768792616,,,,
fidelity,product,0.5,0.2,,,,,,0.5,,,452.197265625,,,176400,0.5,2,-133.20021376592285,,,,
fidelity,product,0.5,0.2,,,,,,0.5,,,452.197265625,,,176400,0.5,4,-145.39965946732661,,,,
fidelity,product,0.5,0.2,,,,,,0.0,,,452.197265625,,,176400,0.0,2,-133.11807558074145,,,,
fidelity,product,0.5,0.2,,,,,,0.0,,,452.197265625,,,176400,0.0,4,-145.31758081125588,,,,
fidelity,product,0.5,0.2,,,,,,0.0,,,452.197265625,,,176400,1.0,2,-133.09714540384988,,,,
fidelity,product,0.5,0.2,,,,,,0.0,,,452.197265625,,,176400,1.0,4,-145.29663971572708,,,,
fidelity,product,0.5,0.2,,,,,,1.0,,,452.197265625,,,176400,0.0,2,-133.3244190555933,,,,
fidelity,product,0.5,0.2,,,,,,1.0,,,452.197265625,,,176400,0.0,4,-145.52380947594872,,,,
fidelity,product,0.5,0.2,,,,,,1.0,,,452.197265625,,,176400,1.0,2,-133.26068737013648,,,,
fidelity,product,0.5,0.2,,,,,,1.0,,,452.197265625,,,176400,1.0,4,-145.46004115368285,,,,
fidelity,product,0.5,0.5,,,,,,0.5,,,107.666015625,,,176400,0.5,2,-158.25588598635778,,,,
fidelity,product,0.5,0.5,,,,,,0.5,,,107.666015625,,,176400,0.5,4,-170.46328489737465,,,,
fidelity,product,0.5,0.5,,,,,,0.0,,,107.666015625,,,176400,0.0,2,-158.28814673457026,,,,
fidelity,product,0.5,0.5,,,,,,0.0,,,107.666015625,,,176400,0.0,4,-170.49919464036208,,,,
fidelity,product,0.5,0.5,,,,,,0.0,,,107.666015625,,,176400,1.0,2,-158.2786324534645,,,,
fidelity,product,0.5,0.5,,,,,,0.0,,,107.666015625,,,176400,1.0,4,-170.48967426044538,,,,
fidelity,product,0.5,0.5,,,,,,1.0,,,107.666015625,,,176400,0.0,2,-157.09715325495335,,,,
fidelity,product,0.5,0.5,,,,,,1.0,,,107.666015625,,,176400,0.0,4,-169.30084797219735,,,,
fidelity,product,0.5,0.5,,,,,,1.0,,,107.666015625,,,176400,1.0,2,-156.83541944544976,,,,
fidelity,product,0.5,0.5,,,,,,1.0,,,107.666015625,,,176400,1.0,4,-169.03890761445774,,,,
fidelity,product,0.5,0.5,,,,,,0.5,,,1012.060546875,,,176400,0.5,2,-119.91565921180238,,,,
fidelity,product,0.5,0.5,,,,,,0.5,,,1012.060546875,,,176400,0.5,4,-132.11148874902773,,,,
fidelity,product,0.5,0.5,,,,,,0.0,,,1012.060546875,,,176400,0.0,2,-120.14592234283853,,,,
fidelity,product,0.5,0.5,,,,,,0.0,,,1012.060546875,,,176400,0.0,4,-132.34263273947442,,,,
fidelity,product,0.5,0.5,,,,,,0.0,,,1012.060546875,,,176400,1.0,2,-119.49090586774088,,,,
fidelity,product,0.5,0.5,,,,,,0.0,,,1012.060546875,,,176400,1.0,4,-131.68565879141383,,,,
fidelity,product,0.5,0.5,,,,,,1.0,,,1012.060546875,,,176400,0.0,2,-120.2018669927756,,,,
fidelity,product,0.5,0.5,,,,,,1.0,,,1012.060546875,,,176400,0.0,4,-132.39838610197793,,,,
fidelity,product,0.5,0.5,,,,,,1.0,,,1012.060546875,,,176400,1.0,2,-119.42801290581683,,,,
fidelity,product,0.5,0.5,,,,,,1.0,,,1012.060546875,,,176400,1.0,4,-131.62216377970512,,,,
fidelity,product,0.5,0.5,,,,,,0.5,,,2002.587890625,,,176400,0.5,2,-109.18767529417772,,,,
fidelity,product,0.5,0.5,,,,,,0.5,,,2002.587890625,,,176400,0.5,4,-121.37856695848836,,,,
fidelity,product,0.5,0.5,,,,,,0.0,,,2002.587890625,,,176400,0.0,2,-109.24872360074339,,,,
fidelity,product,0.5,0.5,,,,,,0.0,,,2002.587890625,,,176400,0.0,4,-121.44047267870347,,,,
fidelity,product,0.5,0.5,,,,,,0.0,,,2002.587890625,,,176400,1.0,2,-109.04432979308338,,,,
fidelity,product,0.5,0.5,,,,,,0.0,,,2002.587890625,,,176400,1.0,4,-121.23382083401835,,,,
fidelity,product,0.5,0.5,,,,,,1.0,,,2002.587890625,,,176400,0.0,2,-109.27509290234758,,,,
fidelity,product,0.5,0.5,,,,,,1.0,,,2002.587890625,,,176400,0.0,4,-121.46679508938355,,,,
fidelity,product,0.5,0.5,,,,,,1.0,,,2002.587890625,,,176400,1.0,2,-109.06220855603765,,,,
fidelity,product,0.5,0.5,,,,,,1.0,,,2002.587890625,,,176400,1.0,4,-121.2515525392541,,,,
fidelity,product,0.5,0.5,,,,,,0.5,,,4026.708984375,,,176400,0.5,2,-100.2843232070647,,,,
fidelity,product,0.5,0.5,,,,,,0.5,,,4026.708984375,,,176400,0.5,4,-112.45565287822029,,,,
fidelity,product,0.5,0.5,,,,,,0.0,,,4026.708984375,,,176400,0.0,2,-100.28055671766285,,,,
fidelity,product,0.5,0.5,,,,,,0.0,,,4026.708984375,,,176400,0.0,4,-112.45188638019451,,,,
fidelity,product,0.5,0.5,,,,,,0.0,,,4026.708984375,,,176400,1.0,2,-100.28055671779259,,,,
fidelity,product,0.5,0.5,,,,,,0.0,,,4026.708984375,,,176400,1.0,4,-112.45188638079732,,,,
fidelity,product,0.5,0.5,,,,,,1.0,,,4026.708984375,,,176400,0.0,2,-100.2880904124413,,,,
fidelity,product,0.5,0.5,,,,,,1.0,,,4026.708984375,,,176400,0.0,4,-112.45942009155439,,,,
fidelity,product,0.5,0.5,,,,,,1.0,,,4026.708984375,,,176400,1.0,2,-100.28809041254269,,,,
fidelity,product,0.5,0.5,,,,,,1.0,,,4026.708984375,,,176400,1.0,4,-112.45942009206034,,,,
fidelity,product,0.5,0.05,,,,,,0.5,,,6007.763671875,,,176400,0.5,2,-97.41226476975234,,,,
fidelity,product,0.5,0.05,,,,,,0.5,,,6007.763671875,,,176400,0.5,4,-109.53887590511087,,,,
fidelity,product,0.5,0.05,,,,,,0.0,,,6007.763671875,,,176400,0.0,2,-97.4121594003715,,,,
fidelity,product,0.5,0.05,,,,,,0.0,,,6007.763671875,,,176400,0.0,4,-109.53877053515905,,,,
fidelity,product,0.5,0.05,,,,,,0.0,,,6007.763671875,,,176400,1.0,2,-97.4121594005311,,,,
fidelity,product,0.5,0.05,,,,,,0.0,,,6007.763671875,,,176400,1.0,4,-109.53877053588711,,,,
fidelity,product,0.5,0.05,,,,,,1.0,,,6007.763671875,,,176400,0.0,2,-97.41237039771904,,,,
fidelity,product,0.5,0.05,,,,,,1.0,,,6007.763671875,,,176400,0.0,4,-109.53898153348995,,,,
fidelity,product,0.5,0.05,,,,,,1.0,,,6007.763671875,,,176400,1.0,2,-97.41237039779082,,,,
fidelity,product,0.5,0.05,,,,,,1.0,,,6007.763671875,,,176400,1.0,4,-109.53898153356556,,,,
fidelity,product,0.5,0.05,,,,,,0.5,,,8031.884765625,,,176400,0.5,2,-102.30126232556935,,,,
fidelity,product,0.5,0.05,,,,,,0.5,,,8031.884765625,,,176400,0.5,4,-114.31948233892223,,,,
fidelity,product,0.5,0.05,,,,,,0.0,,,8031.884765625,,,176400,0.0,2,-102.30120364109631,,,,
fidelity,product,0.5,0.05,,,,,,0.0,,,8031.884765625,,,176400,0.0,4,-114.31942365464346,,,,
fidelity,product,0.5,0.05,,,,,,0.0,,,8031.884765625,,,176400,1.0,2,-102.30120364126846,,,,
fidelity,product,0.5,0.05,,,,,,0.0,,,8031.884765625,,,176400,1.0,4,-114.3194236545537,,,,
fidelity,product,0.5,0.05,,,,,,1.0,,,8031.884765625,,,176400,0.0,2,-102.30132108995276,,,,
fidelity,product,0.5,0.05,,,,,,1.0,,,8031.884765625,,,176400,0.0,4,-114.31954110287776,,,,
fidelity,product,0.5,0.05,,,,,,1.0,,,8031.884765625,,,176400,1.0,2,-102.30132108989201,,,,
fidelity,product,0.5,0.05,,,,,,1.0,,,8031.884765625,,,176400,1.0,4,-114.31954110391018,,,,
fidelity,product,1.0,0.02,,,,,,0.5,,,107.666015625,,,176400,0.5,2,-157.76475284965687,,,,
fidelity,product,1.0,0.02,,,,,,0.5,,,107.666015625,,,176400,0.5,4,-169.9804740305466,,,,
fidelity,product,1.0,0.02,,,,,,0.0,,,107.666015625,,,176400,0.0,2,-157.69841029680182,,,,
fidelity,product,1.0,0.02,,,,,,0.0,,,107.666015625,,,176400,0.0,4,-169.91467273268003,,,,
fidelity,product,1.0,0.02,,,,,,0.0,,,107.666015625,,,176400,1.0,2,-157.69839919715656,,,,
fidelity,product,1.0,0.02,,,,,,0.0,,,107.666015625,,,176400,1.0,4,-169.91466198809155,,,,
fidelity,product,1.0,0.02,,,,,,1.0,,,107.666015625,,,176400,0.0,2,-157.9357584749164,,,,
fidelity,product,1.0,0.02,,,,,,1.0,,,107.666015625,,,176400,0.0,4,-170.1500868638617,,,,
fidelity,product,1.0,0.02,,,,,,1.0,,,107.666015625,,,176400,1.0,2,-157.93482886385175,,,,
fidelity,product,1.0,0.02,,,,,,1.0,,,107.666015625,,,176400,1.0,4,-170.14915719633407,,,,
fidelity,product,1.0,0.05,,,,,,0.5,,,452.197265625,,,176400,0.5,2,-133.19750703734576,,,,
fidelity,product,1.0,0.05,,,,,,0.5,,,452.197265625,,,176400,0.5,4,-145.39695451950493,,,,
fidelity,product,1.0,0.05,,,,,,0.0,,,452.197265625,,,176400,0.0,2,-133.11548476433086,,,,
fidelity,product,1.0,0.05,,,,,,0.0,,,452.197265625,,,176400,0.0,4,-145.31499130259425,,,,
fidelity,product,1.0,0.05,,,,,,0.0,,,452.197265625,,,176400,1.0,2,-133.09489687801533,,,,
fidelity,product,1.0,0.05,,,,,,0.0,,,452.197265625,,,176400,1.0,4,-145.29439269106393,,,,
fidelity,product,1.0,0.05,,,,,,1.0,,,452.197265625,,,176400,0.0,2,-133.32125411998027,,,,
fidelity,product,1.0,0.05,,,,,,1.0,,,452.197265625,,,176400,0.0,4,-145.52064657519966,,,,
fidelity,product,1.0,0.05,,,,,,1.0,,,452.197265625,,,176400,1.0,2,-133.25848024406687,,,,
fidelity,product,1.0,0.05,,,,,,1.0,,,452.197265625,,,176400,1.0,4,-145.45783669575255,,,,
fidelity,product,1.0,0.2,,,,,,0.5,,,452.197265625,,,176400,0.5,2,-132.7999960867663,,,,
fidelity,product,1.0,0.2,,,,,,0.5,,,452.197265625,,,176400,0.5,4,-144.9970496618209,,,,
fidelity,product,1.0,0.2,,,,,,0.0,,,452.197265625,,,176400,0.0,2,-133.541313915524,,,,
fidelity,product,1.0,0.2,,,,,,0.0,,,452.197265625,,,176400,0.0,4,-145.73955121635564,,,,
fidelity,product,1.0,0.2,,,,,,0.0,,,452.197265625,,,176400,1.0,2,-132.54170279434308,,,,
fidelity,product,1.0,0.2,,,,,,0.0,,,452.197265625,,,176400,1.0,4,-144.73875426714068,,,,
fidelity,product,1.0,0.2,,,,,,1.0,,,452.197265625,,,176400,0.0,2,-133.11727319759564,,,,
fidelity,product,1.0,0.2,,,,,,1.0,,,452.197265625,,,176400,0.0,4,-145.31443161597264,,,,
fidelity,product,1.0,0.2,,,,,,1.0,,,452.197265625,,,176400,1.0,2,-131.32887077916783,,,,
fidelity,product,1.0,0.2,,,,,,1.0,,,452.197265625,,,176400,1.0,4,-143.52334097454562,,,,
fidelity,product,1.0,0.5,,,,,,0.5,,,107.666015625,,,176400,0.5,2,-152.2525004026576,,,,
fidelity,product,1.0,0.5,,,,,,0.5,,,107.666015625,,,176400,0.5,4,-164.45144722035536,,,,
fidelity,product,1.0,0.5,,,,,,0.0,,,107.666015625,,,176400,0.0,2,-156.179351609133,,,,
fidelity,product,1.0,0.5,,,,,,0.0,,,107.666015625,,,176400,0.0,4,-168.38169539093028,,,,
fidelity,product,1.0,0.5,,,,,,0.0,,,107.666015625,,,176400,1.0,2,-155.73370504987707,,,,
fidelity,product,1.0,0.5,,,,,,0.0,,,107.666015625,,,176400,1.0,4,-167.93572053892268,,,,
fidelity,product,1.0,0.5,,,,,,1.0,,,107.666015625,,,176400,0.0,2,-148.87316409851667,,,,
fidelity,product,1.0,0.5,,,,,,1.0,,,107.666015625,,,176400,0.0,4,-161.0696612373707,,,,
fidelity,product,1.0,0.5,,,,,,1.0,,,107.666015625,,,176400,1.0,2,-146.08292989826222,,,,
fidelity,product,1.0,0.5,,,,,,1.0,,,107.666015625,,,176400,1.0,4,-158.27649290525096,,,,
fidelity,product,1.0,0.5,,,,,,0.5,,,1012.060546875,,,176400,0.5,2,-118.74107930665994,,,,
fidelity,product,1.0,0.5,,,,,,0.5,,,1012.060546875,,,176400,0.5,4,-130.92489763890998,,,,
fidelity,product,1.0,0.5,,,,,,0.0,,,1012.060546875,,,176400,0.0,2,-120.11086818540299,,,,
fidelity,product,1.0,0.5,,,,,,0.0,,,1012.060546875,,,176400,0.0,4,-132.30031545399493,,,,
fidelity,product,1.0,0.5,,,,,,0.0,,,1012.060546875,,,176400,1.0,2,-116.96787400498599,,,,
fidelity,product,1.0,0.5,,,,,,0.0,,,1012.060546875,,,176400,1.0,4,-129.1458606879353,,,,
fidelity,product,1.0,0.5,,,,,,1.0,,,1012.060546875,,,176400,0.0,2,-120.05883187319196,,,,
fidelity,product,1.0,0.5,,,,,,1.0,,,1012.060546875,,,176400,0.0,4,-132.2476397853913,,,,
fidelity,product,1.0,0.5,,,,,,1.0,,,1012.060546875,,,176400,1.0,2,-116.78878016437473,,,,
fidelity,product,1.0,0.5,,,,,,1.0,,,1012.060546875,,,176400,1.0,4,-128.96566972844363,,,,
fidelity,product,1.0,0.5,,,,,,0.5,,,2002.587890625,,,176400,0.5,2,-110.17870479865962,,,,
fidelity,product,1.0,0.5,,,,,,0.5,,,2002.587890625,,,176400,0.5,4,-122.36149829875524,,,,
fidelity,product,1.0,0.5,,,,,,0.0,,,2002.587890625,,,176400,0.0,2,-110.50262218852995,,,,
fidelity,product,1.0,0.5,,,,,,0.0,,,2002.587890625,,,176400,0.0,4,-122.68958115917302,,,,
fidelity,product,1.0,0.5,,,,,,0.0,,,2002.587890625,,,176400,1.0,2,-109.6374223332571,,,,
fidelity,product,1.0,0.5,,,,,,0.0,,,2002.587890625,,,176400,1.0,4,-121.81424899717157,,,,
fidelity,product,1.0,0.5,,,,,,1.0,,,2002.587890625,,,176400,0.0,2,-110.51632628227297,,,,
fidelity,product,1.0,0.5,,,,,,1.0,,,2002.587890625,,,176400,0.0,4,-122.70319108450087,,,,
fidelity,product,1.0,0.5,,,,,,1.0,,,2002.587890625,,,176400,1.0,2,-109.64067998750662,,,,
fidelity,product,1.0,0.5,,,,,,1.0,,,2002.587890625,,,176400,1.0,4,-121.81729439665348,,,,
fidelity,product,1.0,0.5,,,,,,0.5,,,4026.708984375,,,176400,0.5,2,-101.87170990578176,,,,
fidelity,product,1.0,0.5,,,,,,0.5,,,4026.708984375,,,176400,0.5,4,-114.0431418990417,,,,
fidelity,product,1.0,0.5,,,,,,0.0,,,4026.708984375,,,176400,0.0,2,-101.86919760925825,,,,
fidelity,product,1.0,0.5,,,,,,0.0,,,4026.708984375,,,176400,0.0,4,-114.04063979635461,,,,
fidelity,product,1.0,0.5,,,,,,0.0,,,4026.708984375,,,176400,1.0,2,-101.86922398624571,,,,
fidelity,product,1.0,0.5,,,,,,0.0,,,4026.708984375,,,176400,1.0,4,-114.04063979624155,,,,
fidelity,product,1.0,0.5,,,,,,1.0,,,4026.708984375,,,176400,0.0,2,-101.8741835881359,,,,
fidelity,product,1.0,0.5,,,,,,1.0,,,4026.708984375,,,176400,0.0,4,-114.04564063850333,,,,
fidelity,product,1.0,0.5,,,,,,1.0,,,4026.708984375,,,176400,1.0,2,-101.87421348303253,,,,
fidelity,product,1.0,0.5,,,,,,1.0,,,4026.708984375,,,176400,1.0,4,-114.04564063870703,,,,
fidelity,product,1.0,0.05,,,,,,0.5,,,6007.763671875,,,176400,0.5,2,-97.88227700224309,,,,
fidelity,product,1.0,0.05,,,,,,0.5,,,6007.763671875,,,176400,0.5,4,-110.00888930463881,,,,
fidelity,product,1.0,0.05,,,,,,0.0,,,6007.763671875,,,176400,0.0,2,-97.88127545377876,,,,
fidelity,product,1.0,0.05,,,,,,0.0,,,6007.763671875,,,176400,0.0,4,-110.00788775424749,,,,
fidelity,product,1.0,0.05,,,,,,0.0,,,6007.763671875,,,176400,1.0,2,-97.88127545381795,,,,
fidelity,product,1.0,0.05,,,,,,0.0,,,6007.763671875,,,176400,1.0,4,-110.00788775435856,,,,
fidelity,product,1.0,0.05,,,,,,1.0,,,6007.763671875,,,176400,0.0,2,-97.88327997488695,,,,
fidelity,product,1.0,0.05,,,,,,1.0,,,6007.763671875,,,176400,0.0,4,-110.00989227928088,,,,
fidelity,product,1.0,0.05,,,,,,1.0,,,6007.763671875,,,176400,1.0,2,-97.88327997492118,,,,
fidelity,product,1.0,0.05,,,,,,1.0,,,6007.763671875,,,176400,1.0,4,-110.00989227986736,,,,
fidelity,product,1.0,0.05,,,,,,0.5,,,8031.884765625,,,176400,0.5,2,-102.77127381326197,,,,
fidelity,product,1.0,0.05,,,,,,0.5,,,8031.884765625,,,176400,0.5,4,-114.7894962830933,,,,
fidelity,product,1.0,0.05,,,,,,0.0,,,8031.884765625,,,176400,0.0,2,-102.77071613513057,,,,
fidelity,product,1.0,0.05,,,,,,0.0,,,8031.884765625,,,176400,0.0,4,-114.78893860338397,,,,
fidelity,product,1.0,0.05,,,,,,0.0,,,8031.884765625,,,176400,1.0,2,-102.77071613490202,,,,
fidelity,product,1.0,0.05,,,,,,0.0,,,8031.884765625,,,176400,1.0,4,-114.78893860205886,,,,
fidelity,product,1.0,0.05,,,,,,1.0,,,8031.884765625,,,176400,0.0,2,-102.77183193217905,,,,
fidelity,product,1.0,0.05,,,,,,1.0,,,8031.884765625,,,176400,0.0,4,-114.79005440532904,,,,
fidelity,product,1.0,0.05,,,,,,1.0,,,8031.884765625,,,176400,1.0,2,-102.77183193230726,,,,
fidelity,product,1.0,0.05,,,,,,1.0,,,8031.884765625,,,176400,1.0,4,-114.79005440572249,,,,
fidelity,product,0.0,0.02,,,,,,0.5,,,117.1875,,,192000,0.5,2,-157.66584925096512,,,,
fidelity,product,0.0,0.02,,,,,,0.5,,,117.1875,,,192000,0.5,4,-169.88237938540163,,,,
fidelity,product,0.0,0.02,,,,,,0.0,,,117.1875,,,192000,0.0,2,-157.66556082591558,,,,
fidelity,product,0.0,0.02,,,,,,0.0,,,117.1875,,,192000,0.0,4,-169.88209320183682,,,,
fidelity,product,0.0,0.02,,,,,,0.0,,,117.1875,,,192000,1.0,2,-157.66556086519617,,,,
fidelity,product,0.0,0.02,,,,,,0.0,,,117.1875,,,192000,1.0,4,-169.8820935631971,,,,
fidelity,product,0.0,0.02,,,,,,1.0,,,117.1875,,,192000,0.0,2,-157.6667341666552,,,,
fidelity,product,0.0,0.02,,,,,,1.0,,,117.1875,,,192000,0.0,4,-169.8832567102706,,,,
fidelity,product,0.0,0.02,,,,,,1.0,,,117.1875,,,192000,1.0,2,-157.66673424854258,,,,
fidelity,product,0.0,0.02,,,,,,1.0,,,117.1875,,,192000,1.0,4,-169.88325721919833,,,,
fidelity,product,0.0,0.05,,,,,,0.5,,,445.3125,,,192000,0.5,2,-134.48273202822574,,,,
fidelity,product,0.0,0.05,,,,,,0.5,,,445.3125,,,192000,0.5,4,-146.68267938371633,,,,
fidelity,product,0.0,0.05,,,,,,0.0,,,445.3125,,,192000,0.0,2,-134.4819509476509,,,,
fidelity,product,0.0,0.05,,,,,,0.0,,,445.3125,,,192000,0.0,4,-146.68189868560577,,,,
fidelity,product,0.0,0.05,,,,,,0.0,,,445.3125,,,192000,1.0,2,-134.4819505216395,,,,
fidelity,product,0.0,0.05,,,,,,0.0,,,445.3125,,,192000,1.0,4,-146.68189822468247,,,,
fidelity,product,0.0,0.05,,,,,,1.0,,,445.3125,,,192000,0.0,2,-134.48383018147962,,,,
fidelity,product,0.0,0.05,,,,,,1.0,,,445.3125,,,192000,0.0,4,-146.68377691474186,,,,
fidelity,product,0.0,0.05,,,,,,1.0,,,445.3125,,,192000,1.0,2,-134.48382849406354,,,,
fidelity,product,0.0,0.05,,,,,,1.0,,,445.3125,,,192000,1.0,4,-146.6837752204948,,,,
fidelity,product,0.0,0.2,,,,,,0.5,,,445.3125,,,192000,0.5,2,-134.52207564681868,,,,
fidelity,product,0.0,0.2,,,,,,0.5,,,445.3125,,,192000,0.5,4,-146.72200196690898,,,,
fidelity,product,0.0,0.2,,,,,,0.0,,,445.3125,,,192000,0.0,2,-134.51023530619975,,,,
fidelity,product,0.0,0.2,,,,,,0.0,,,445.3125,,,192000,0.0,4,-146.71016799111615,,,,
fidelity,product,0.0,0.2,,,,,,0.0,,,445.3125,,,192000,1.0,2,-134.5101269768697,,,,
fidelity,product,0.0,0.2,,,,,,0.0,,,445.3125,,,192000,1.0,4,-146.71005964396568,,,,
fidelity,product,0.0,0.2,,,,,,1.0,,,445.3125,,,192000,0.0,2,-134.53862032731524,,,,
fidelity,product,0.0,0.2,,,,,,1.0,,,445.3125,,,192000,0.0,4,-146.73853795340517,,,,
fidelity,product,0.0,0.2,,,,,,1.0,,,445.3125,,,192000,1.0,2,-134.5382053765731,,,,
fidelity,product,0.0,0.2,,,,,,1.0,,,445.3125,,,192000,1.0,4,-146.73812279170176,,,,
fidelity,product,0.0,0.5,,,,,,0.5,,,117.1875,,,192000,0.5,2,-157.8871422870821,,,,
fidelity,product,0.0,0.5,,,,,,0.5,,,117.1875,,,192000,0.5,4,-170.10186634634476,,,,
fidelity,product,0.0,0.5,,,,,,0.0,,,117.1875,,,192000,0.0,2,-157.74708067485173,,,,
fidelity,product,0.0,0.5,,,,,,0.0,,,117.1875,,,192000,0.0,4,-169.96294628703117,,,,
fidelity,product,0.0,0.5,,,,,,0.0,,,117.1875,,,192000,1.0,2,-157.74699732676285,,,,
fidelity,product,0.0,0.5,,,,,,0.0,,,117.1875,,,192000,1.0,4,-169.9628629205503,,,,
fidelity,product,0.0,0.5,,,,,,1.0,,,117.1875,,,192000,0.0,2,-158.1599424453615,,,,
fidelity,product,0.0,0.5,,,,,,1.0,,,117.1875,,,192000,0.0,4,-170.37234347703517,,,,
fidelity,product,0.0,0.5,,,,,,1.0,,,117.1875,,,192000,1.0,2,-158.15486487929437,,,,
fidelity,product,0.0,0.5,,,,,,1.0,,,117.1875,,,192000,1.0,4,-170.3672632135092,,,,
fidelity,product,0.0,0.5,,,,,,0.5,,,1007.8125,,,192000,0.5,2,-120.68221083453872,,,,
fidelity,product,0.0,0.5,,,,,,0.5,,,1007.8125,,,192000,0.5,4,-132.88008020625367,,,,
fidelity,product,0.0,0.5,,,,,,0.0,,,1007.8125,,,192000,0.0,2,-120.67025606229252,,,,
fidelity,product,0.0,0.5,,,,,,0.0,,,1007.8125,,,192000,0.0,4,-132.86813751944783,,,,
fidelity,product,0.0,0.5,,,,,,0.0,,,1007.8125,,,192000,1.0,2,-120.65888807170062,,,,
fidelity,product,0.0,0.5,,,,,,0.0,,,1007.8125,,,192000,1.0,4,-132.8567471399379,,,,
fidelity,product,0.0,0.5,,,,,,1.0,,,1007.8125,,,192000,0.0,2,-120.70456607180631,,,,
fidelity,product,0.0,0.5,,,,,,1.0,,,1007.8125,,,192000,0.0,4,-132.90244146756396,,,,
fidelity,product,0.0,0.5,,,,,,1.0,,,1007.8125,,,192000,1.0,2,-120.68904699773998,,,,
fidelity,product,0.0,0.5,,,,,,1.0,,,1007.8125,,,192000,1.0,4,-132.88689166793753,,,,
fidelity,product,0.0,0.5,,,,,,0.5,,,1992.1875,,,192000,0.5,2,-109.44775348847953,,,,
fidelity,product,0.0,0.5,,,,,,0.5,,,1992.1875,,,192000,0.5,4,-121.64152236062279,,,,
fidelity,product,0.0,0.5,,,,,,0.0,,,1992.1875,,,192000,0.0,2,-109.44500611733451,,,,
fidelity,product,0.0,0.5,,,,,,0.0,,,1992.1875,,,192000,0.0,4,-121.63879122987096,,,,
fidelity,product,0.0,0.5,,,,,,0.0,,,1992.1875,,,192000,1.0,2,-109.4395632154851,,,,
fidelity,product,0.0,0.5,,,,,,0.0,,,1992.1875,,,192000,1.0,4,-121.6333058006937,,,,
fidelity,product,0.0,0.5,,,,,,1.0,,,1992.1875,,,192000,0.0,2,-109.45454148797985,,,,
fidelity,product,0.0,0.5,,,,,,1.0,,,1992.1875,,,192000,0.0,4,-121.64832504354449,,,,
fidelity,product,0.0,0.5,,,,,,1.0,,,1992.1875,,,192000,1.0,2,-109.44862798438727,,,,
fidelity,product,0.0,0.5,,,,,,1.0,,,1992.1875,,,192000,1.0,4,-121.64236527350147,,,,
fidelity,product,0.0,0.5,,,,,,0.5,,,4007.8125,,,192000,0.5,2,-99.84997817195568,,,,
fidelity,product,0.0,0.5,,,,,,0.5,,,4007.8125,,,192000,0.5,4,-112.02626805719312,,,,
fidelity,product,0.0,0.5,,,,,,0.0,,,4007.8125,,,192000,0.0,2,-99.84876448124686,,,,
fidelity,product,0.0,0.5,,,,,,0.0,,,4007.8125,,,192000,0.0,4,-112.02505436045323,,,,
fidelity,product,0.0,0.5,,,,,,0.0,,,4007.8125,,,192000,1.0,2,-99.84876448122233,,,,
fidelity,product,0.0,0.5,,,,,,0.0,,,4007.8125,,,192000,1.0,4,-112.02505435989222,,,,
fidelity,product,0.0,0.5,,,,,,1.0,,,4007.8125,,,192000,0.0,2,-99.8511972817569,,,,
fidelity,product,0.0,0.5,,,,,,1.0,,,4007.8125,,,192000,0.0,4,-112.02748717303172,,,,
fidelity,product,0.0,0.5,,,,,,1.0,,,4007.8125,,,192000,1.0,2,-99.85119728177784,,,,
fidelity,product,0.0,0.5,,,,,,1.0,,,4007.8125,,,192000,1.0,4,-112.02748717325943,,,,
fidelity,product,0.0,0.05,,,,,,0.5,,,6023.4375,,,192000,0.5,2,-97.18186566058499,,,,
fidelity,product,0.0,0.05,,,,,,0.5,,,6023.4375,,,192000,0.5,4,-109.32235769761562,,,,
fidelity,product,0.0,0.05,,,,,,0.0,,,6023.4375,,,192000,0.0,2,-97.18185876266668,,,,
fidelity,product,0.0,0.05,,,,,,0.0,,,6023.4375,,,192000,0.0,4,-109.32235079995371,,,,
fidelity,product,0.0,0.05,,,,,,0.0,,,6023.4375,,,192000,1.0,2,-97.18185876263762,,,,
fidelity,product,0.0,0.05,,,,,,0.0,,,6023.4375,,,192000,1.0,4,-109.32235080023567,,,,
fidelity,product,0.0,0.05,,,,,,1.0,,,6023.4375,,,192000,0.0,2,-97.181872576144,,,,
fidelity,product,0.0,0.05,,,,,,1.0,,,6023.4375,,,192000,0.0,4,-109.32236461287702,,,,
fidelity,product,0.0,0.05,,,,,,1.0,,,6023.4375,,,192000,1.0,2,-97.18187257621969,,,,
fidelity,product,0.0,0.05,,,,,,1.0,,,6023.4375,,,192000,1.0,4,-109.32236461305212,,,,
fidelity,product,0.0,0.05,,,,,,0.5,,,7992.1875,,,192000,0.5,2,-99.75228554203574,,,,
fidelity,product,0.0,0.05,,,,,,0.5,,,7992.1875,,,192000,0.5,4,-111.82055158712805,,,,
fidelity,product,0.0,0.05,,,,,,0.0,,,7992.1875,,,192000,0.0,2,-99.75228163738777,,,,
fidelity,product,0.0,0.05,,,,,,0.0,,,7992.1875,,,192000,0.0,4,-111.82054768314394,,,,
fidelity,product,0.0,0.05,,,,,,0.0,,,7992.1875,,,192000,1.0,2,-99.7522816374081,,,,
fidelity,product,0.0,0.05,,,,,,0.0,,,7992.1875,,,192000,1.0,4,-111.82054768251558,,,,
fidelity,product,0.0,0.05,,,,,,1.0,,,7992.1875,,,192000,0.0,2,-99.75228945216759,,,,
fidelity,product,0.0,0.05,,,,,,1.0,,,7992.1875,,,192000,0.0,4,-111.82055549808533,,,,
fidelity,product,0.0,0.05,,,,,,1.0,,,7992.1875,,,192000,1.0,2,-99.75228945212714,,,,
fidelity,product,0.0,0.05,,,,,,1.0,,,7992.1875,,,192000,1.0,4,-111.82055549790417,,,,
fidelity,product,0.5,0.02,,,,,,0.5,,,117.1875,,,192000,0.5,2,-157.67216485045856,,,,
fidelity,product,0.5,0.02,,,,,,0.5,,,117.1875,,,192000,0.5,4,-169.88864286462172,,,,
fidelity,product,0.5,0.02,,,,,,0.0,,,117.1875,,,192000,0.0,2,-157.66762405508655,,,,
fidelity,product,0.5,0.02,,,,,,0.0,,,117.1875,,,192000,0.0,4,-169.88413933522276,,,,
fidelity,product,0.5,0.02,,,,,,0.0,,,117.1875,,,192000,1.0,2,-157.66762392523327,,,,
fidelity,product,0.5,0.02,,,,,,0.0,,,117.1875,,,192000,1.0,4,-169.884138984979,,,,
fidelity,product,0.5,0.02,,,,,,1.0,,,117.1875,,,192000,0.0,2,-157.68592727285775,,,,
fidelity,product,0.5,0.02,,,,,,1.0,,,117.1875,,,192000,0.0,4,-169.90229316897017,,,,
fidelity,product,0.5,0.02,,,,,,1.0,,,117.1875,,,192000,1.0,2,-157.68592218639435,,,,
fidelity,product,0.5,0.02,,,,,,1.0,,,117.1875,,,192000,1.0,4,-169.90228777012035,,,,
fidelity,product,0.5,0.05,,,,,,0.5,,,445.3125,,,192000,0.5,2,-134.5216907724051,,,,
fidelity,product,0.5,0.05,,,,,,0.5,,,445.3125,,,192000,0.5,4,-146.72161727823394,,,,
fidelity,product,0.5,0.05,,,,,,0.0,,,445.3125,,,192000,0.0,2,-134.5099558898348,,,,
fidelity,product,0.5,0.05,,,,,,0.0,,,445.3125,,,192000,0.0,4,-146.70988876486018,,,,
fidelity,product,0.5,0.05,,,,,,0.0,,,445.3125,,,192000,1.0,2,-134.50984957796896,,,,
fidelity,product,0.5,0.05,,,,,,0.0,,,445.3125,,,192000,1.0,4,-146.70978238912616,,,,
fidelity,product,0.5,0.05,,,,,,1.0,,,445.3125,,,192000,0.0,2,-134.5380889736838,,,,
fidelity,product,0.5,0.05,,,,,,1.0,,,445.3125,,,192000,0.0,4,-146.73800685952082,,,,
fidelity,product,0.5,0.05,,,,,,1.0,,,445.3125,,,192000,1.0,2,-134.537681657183,,,,
fidelity,product,0.5,0.05,,,,,,1.0,,,445.3125,,,192000,1.0,4,-146.73759938269396,,,,
fidelity,product,0.5,0.2,,,,,,0.5,,,445.3125,,,192000,0.5,2,-134.92948558087164,,,,
fidelity,product,0.5,0.2,,,,,,0.5,,,445.3125,,,192000,0.5,4,-147.1291677784502,,,,
fidelity,product,0.5,0.2,,,,,,0.0,,,445.3125,,,192000,0.0,2,-134.8456387887689,,,,
fidelity,product,0.5,0.2,,,,,,0.0,,,445.3125,,,192000,0.0,4,-147.04538810037462,,,,
fidelity,product,0.5,0.2,,,,,,0.0,,,445.3125,,,192000,1.0,2,-134.82516167111282,,,,
fidelity,product,0.5,0.2,,,,,,0.0,,,445.3125,,,192000,1.0,4,-147.02490203119078,,,,
fidelity,product,0.5,0.2,,,,,,1.0,,,445.3125,,,192000,0.0,2,-135.0554006894179,,,,
fidelity,product,0.5,0.2,,,,,,1.0,,,445.3125,,,192000,0.0,4,-147.25501656829533,,,,
fidelity,product,0.5,0.2,,,,,,1.0,,,445.3125,,,192000,1.0,2,-134.99134547091583,,,,
fidelity,product,0.5,0.2,,,,,,1.0,,,445.3125,,,192000,1.0,4,-147.19093016320673,,,,
fidelity,product,0.5,0.5,,,,,,0.5,,,117.1875,,,192000,0.5,2,-158.25588598635778,,,,
fidelity,product,0.5,0.5,,,,,,0.5,,,117.1875,,,192000,0.5,4,-170.4632848973747,,,,
fidelity,product,0.5,0.5,,,,,,0.0,,,117.1875,,,192000,0.0,2,-158.29669502358703,,,,
fidelity,product,0.5,0.5,,,,,,0.0,,,117.1875,,,192000,0.0,4,-170.50764526074994,,,,
fidelity,product,0.5,0.5,,,,,,0.0,,,117.1875,,,192000,1.0,2,-158.28487211171722,,,,
fidelity,product,0.5,0.5,,,,,,0.0,,,117.1875,,,192000,1.0,4,-170.49581467855842,,,,
fidelity,product,0.5,0.5,,,,,,1.0,,,117.1875,,,192000,0.0,2,-157.1728520336362,,,,
fidelity,product,0.5,0.5,,,,,,1.0,,,117.1875,,,192000,0.0,4,-169.37666426306916,,,,
fidelity,product,0.5,0.5,,,,,,1.0,,,117.1875,,,192000,1.0,2,-156.88052374572572,,,,
fidelity,product,0.5,0.5,,,,,,1.0,,,117.1875,,,192000,1.0,4,-169.08410517310259,,,,
fidelity,product,0.5,0.5,,,,,,0.5,,,1007.8125,,,192000,0.5,2,-121.37685798080346,,,,
fidelity,product,0.5,0.5,,,,,,0.5,,,1007.8125,,,192000,0.5,4,-133.5731037834928,,,,
fidelity,product,0.5,0.5,,,,,,0.0,,,1007.8125,,,192000,0.0,2,-121.62929841677384,,,,
fidelity,product,0.5,0.5,,,,,,0.0,,,1007.8125,,,192000,0.0,4,-133.82636074126285,,,,
fidelity,product,0.5,0.5,,,,,,0.0,,,1007.8125,,,192000,1.0,2,-120.92564766378621,,,,
fidelity,product,0.5,0.5,,,,,,0.0,,,1007.8125,,,192000,1.0,4,-133.12090558103748,,,,
fidelity,product,0.5,0.5,,,,,,1.0,,,1007.8125,,,192000,0.0,2,-121.68067308867778,,,,
fidelity,product,0.5,0.5,,,,,,1.0,,,1007.8125,,,192000,0.0,4,-133.87755344197367,,,,
fidelity,product,0.5,0.5,,,,,,1.0,,,1007.8125,,,192000,1.0,2,-120.84664477372183,,,,
fidelity,product,0.5,0.5,,,,,,1.0,,,1007.8125,,,192000,1.0,4,-133.04132693931305,,,,
fidelity,product,0.5,0.5,,,,,,0.5,,,1992.1875,,,192000,0.5,2,-110.53713556099468,,,,
fidelity,product,0.5,0.5,,,,,,0.5,,,1992.1875,,,192000,0.5,4,-122.72891966453776,,,,
fidelity,product,0.5,0.5,,,,,,0.0,,,1992.1875,,,192000,0.0,2,-110.62312695222347,,,,
fidelity,product,0.5,0.5,,,,,,0.0,,,1992.1875,,,192000,0.0,4,-122.81585007520755,,,,
fidelity,product,0.5,0.5,,,,,,0.0,,,1992.1875,,,192000,1.0,2,-110.35265239073189,,,,
fidelity,product,0.5,0.5,,,,,,0.0,,,1992.1875,,,192000,1.0,4,-122.5429213755465,,,,
fidelity,product,0.5,0.5,,,,,,1.0,,,1992.1875,,,192000,0.0,2,-110.64838076357908,,,,
fidelity,product,0.5,0.5,,,,,,1.0,,,1992.1875,,,192000,0.0,4,-122.84105062946318,,,,
fidelity,product,0.5,0.5,,,,,,1.0,,,1992.1875,,,192000,1.0,2,-110.36632262326432,,,,
fidelity,product,0.5,0.5,,,,,,1.0,,,1992.1875,,,192000,1.0,4,-122.55642693570815,,,,
fidelity,product,0.5,0.5,,,,,,0.5,,,4007.8125,,,192000,0.5,2,-101.15043592394947,,,,
fidelity,product,0.5,0.5,,,,,,0.5,,,4007.8125,,,192000,0.5,4,-113.32673045957489,,,,
fidelity,product,0.5,0.5,,,,,,0.0,,,4007.8125,,,192000,0.0,2,-101.14663188026492,,,,
fidelity,product,0.5,0.5,,,,,,0.0,,,4007.8125,,,192000,0.0,4,-113.32292640592445,,,,
fidelity,product,0.5,0.5,,,,,,0.0,,,4007.8125,,,192000,1.0,2,-101.14663188028052,,,,
fidelity,product,0.5,0.5,,,,,,0.0,,,4007.8125,,,192000,1.0,4,-113.32292640632775,,,,
fidelity,product,0.5,0.5,,,,,,1.0,,,4007.8125,,,192000,0.0,2,-101.15424069851306,,,,
fidelity,product,0.5,0.5,,,,,,1.0,,,4007.8125,,,192000,0.0,4,-113.33053524384192,,,,
fidelity,product,0.5,0.5,,,,,,1.0,,,4007.8125,,,192000,1.0,2,-101.15424069853005,,,,
fidelity,product,0.5,0.5,,,,,,1.0,,,4007.8125,,,192000,1.0,4,-113.33053524421038,,,,
fidelity,product,0.5,0.05,,,,,,0.5,,,6023.4375,,,192000,0.5,2,-97.22124195086124,,,,
fidelity,product,0.5,0.05,,,,,,0.5,,,6023.4375,,,192000,0.5,4,-109.36173410000796,,,,
fidelity,product,0.5,0.05,,,,,,0.0,,,6023.4375,,,192000,0.0,2,-97.22113700622245,,,,
fidelity,product,0.5,0.05,,,,,,0.0,,,6023.4375,,,192000,0.0,4,-109.36162915466328,,,,
fidelity,product,0.5,0.05,,,,,,0.0,,,6023.4375,,,192000,1.0,2,-97.22113700612545,,,,
fidelity,product,0.5,0.05,,,,,,0.0,,,6023.4375,,,192000,1.0,4,-109.36162915457822,,,,
fidelity,product,0.5,0.05,,,,,,1.0,,,6023.4375,,,192000,0.0,2,-97.22134715206121,,,,
fidelity,product,0.5,0.05,,,,,,1.0,,,6023.4375,,,192000,0.0,4,-109.361839301027,,,,
fidelity,product,0.5,0.05,,,,,,1.0,,,6023.4375,,,192000,1.0,2,-97.22134715203768,,,,
fidelity,product,0.5,0.05,,,,,,1.0,,,6023.4375,,,192000,1.0,4,-109.36183930126738,,,,
fidelity,product,0.5,0.05,,,,,,0.5,,,7992.1875,,,192000,0.5,2,-99.79166185856263,,,,
fidelity,product,0.5,0.05,,,,,,0.5,,,7992.1875,,,192000,0.5,4,-111.8599280974804,,,,
fidelity,product,0.5,0.05,,,,,,0.0,,,7992.1875,,,192000,0.0,2,-99.79160245690915,,,,
fidelity,product,0.5,0.05,,,,,,0.0,,,7992.1875,,,192000,0.0,4,-111.85986869528939,,,,
fidelity,product,0.5,0.05,,,,,,0.0,,,7992.1875,,,192000,1.0,2,-99.79160245686755,,,,
fidelity,product,0.5,0.05,,,,,,0.0,,,7992.1875,,,192000,1.0,4,-111.85986869584076,,,,
fidelity,product,0.5,0.05,,,,,,1.0,,,7992.1875,,,192000,0.0,2,-99.7917213420699,,,,
fidelity,product,0.5,0.05,,,,,,1.0,,,7992.1875,,,192000,0.0,4,-111.85998758103267,,,,
fidelity,product,0.5,0.05,,,,,,1.0,,,7992.1875,,,192000,1.0,2,-99.79172134218209,,,,
fidelity,product,0.5,0.05,,,,,,1.0,,,7992.1875,,,192000,1.0,4,-111.85998758115637,,,,
fidelity,product,1.0,0.02,,,,,,0.5,,,117.1875,,,192000,0.5,2,-157.76475284965687,,,,
fidelity,product,1.0,0.02,,,,,,0.5,,,117.1875,,,192000,0.5,4,-169.98047403054665,,,,
fidelity,product,1.0,0.02,,,,,,0.0,,,117.1875,,,192000,0.0,2,-157.6994926409172,,,,
fidelity,product,1.0,0.02,,,,,,0.0,,,117.1875,,,192000,0.0,4,-169.91574707869978,,,,
fidelity,product,1.0,0.02,,,,,,0.0,,,117.1875,,,192000,1.0,2,-157.69947866639166,,,,
fidelity,product,1.0,0.02,,,,,,0.0,,,117.1875,,,192000,1.0,4,-169.91573339988886,,,,
fidelity,product,1.0,0.02,,,,,,1.0,,,117.1875,,,192000,0.0,2,-157.92886748711285,,,,
fidelity,product,1.0,0.02,,,,,,1.0,,,117.1875,,,192000,0.0,4,-170.14325274479467,,,,
fidelity,product,1.0,0.02,,,,,,1.0,,,117.1875,,,192000,1.0,2,-157.9278345652513,,,,
fidelity,product,1.0,0.02,,,,,,1.0,,,117.1875,,,192000,1.0,4,-170.1422192838174,,,,
fidelity,product,1.0,0.05,,,,,,0.5,,,445.3125,,,192000,0.5,2,-134.92679382131828,,,,
fidelity,product,1.0,0.05,,,,,,0.5,,,445.3125,,,192000,0.5,4,-147.1264780397658,,,,
fidelity,product,1.0,0.05,,,,,,0.0,,,445.3125,,,192000,0.0,2,-134.84306660957196,,,,
fidelity,product,1.0,0.05,,,,,,0.0,,,445.3125,,,192000,0.0,4,-147.04281740079387,,,,
fidelity,product,1.0,0.05,,,,,,0.0,,,445.3125,,,192000,1.0,2,-134.82292493521464,,,,
fidelity,product,1.0,0.05,,,,,,0.0,,,445.3125,,,192000,1.0,4,-147.02266695550634,,,,
fidelity,product,1.0,0.05,,,,,,1.0,,,445.3125,,,192000,0.0,2,-135.0522601516864,,,,
fidelity,product,1.0,0.05,,,,,,1.0,,,445.3125,,,192000,0.0,4,-147.25187832011815,,,,
fidelity,product,1.0,0.05,,,,,,1.0,,,445.3125,,,192000,1.0,2,-134.98916861627768,,,,
fidelity,product,1.0,0.05,,,,,,1.0,,,445.3125,,,192000,1.0,4,-147.18875608185863,,,,
fidelity,product,1.0,0.2,,,,,,0.5,,,445.3125,,,192000,0.5,2,-134.47392201639525,,,,
fidelity,product,1.0,0.2,,,,,,0.5,,,445.3125,,,192000,0.5,4,-146.67136887346396,,,,
fidelity,product,1.0,0.2,,,,,,0.0,,,445.3125,,,192000,0.0,2,-135.2436283355665,,,,
fidelity,product,1.0,0.2,,,,,,0.0,,,445.3125,,,192000,0.0,4,-147.44214199033684,,,,
fidelity,product,1.0,0.2,,,,,,0.0,,,445.3125,,,192000,1.0,2,-134.23767214193745,,,,
fidelity,product,1.0,0.2,,,,,,0.0,,,445.3125,,,192000,1.0,4,-146.43516131745838,,,,
fidelity,product,1.0,0.2,,,,,,1.0,,,445.3125,,,192000,0.0,2,-134.77666141406138,,,,
fidelity,product,1.0,0.2,,,,,,1.0,,,445.3125,,,192000,0.0,4,-146.9741651445281,,,,
fidelity,product,1.0,0.2,,,,,,1.0,,,445.3125,,,192000,1.0,2,-132.93117597257697,,,,
fidelity,product,1.0,0.2,,,,,,1.0,,,445.3125,,,192000,1.0,4,-145.12626261282418,,,,
fidelity,product,1.0,0.5,,,,,,0.5,,,117.1875,,,192000,0.5,2,-152.2525004026774,,,,
fidelity,product,1.0,0.5,,,,,,0.5,,,117.1875,,,192000,0.5,4,-164.45144722037708,,,,
fidelity,product,1.0,0.5,,,,,,0.0,,,117.1875,,,192000,0.0,2,-156.13416158966803,,,,
fidelity,product,1.0,0.5,,,,,,0.0,,,117.1875,,,192000,0.0,4,-168.33643235424486,,,,
fidelity,product,1.0,0.5,,,,,,0.0,,,117.1875,,,192000,1.0,2,-155.59997569035198,,,,
fidelity,product,1.0,0.5,,,,,,0.0,,,117.1875,,,192000,1.0,4,-167.80185828229355,,,,
fidelity,product,1.0,0.5,,,,,,1.0,,,117.1875,,,192000,0.0,2,-149.11295009739146,,,,
fidelity,product,1.0,0.5,,,,,,1.0,,,117.1875,,,192000,0.0,4,-161.3096030312409,,,,
fidelity,product,1.0,0.5,,,,,,1.0,,,117.1875,,,192000,1.0,2,-146.08382217600743,,,,
fidelity,product,1.0,0.5,,,,,,1.0,,,117.1875,,,192000,1.0,4,-158.27748711955823,,,,
fidelity,product,1.0,0.5,,,,,,0.5,,,1007.8125,,,192000,0.5,2,-119.88212156117321,,,,
fidelity,product,1.0,0.5,,,,,,0.5,,,1007.8125,,,192000,0.5,4,-132.0663188234114,,,,
fidelity,product,1.0,0.5,,,,,,0.0,,,1007.8125,,,192000,0.0,2,-121.39945649634046,,,,
fidelity,product,1.0,0.5,,,,,,0.0,,,1007.8125,,,192000,0.0,4,-133.58921259504524,,,,
fidelity,product,1.0,0.5,,,,,,0.0,,,1007.8125,,,192000,1.0,2,-117.96101366122792,,,,
fidelity,product,1.0,0.5,,,,,,0.0,,,1007.8125,,,192000,1.0,4,-130.1396552369196,,,,
fidelity,product,1.0,0.5,,,,,,1.0,,,1007.8125,,,192000,0.0,2,-121.32944821995315,,,,
fidelity,product,1.0,0.5,,,,,,1.0,,,1007.8125,,,192000,0.0,4,-133.51853226444138,,,,
fidelity,product,1.0,0.5,,,,,,1.0,,,1007.8125,,,192000,1.0,2,-117.75109596102192,,,,
fidelity,product,1.0,0.5,,,,,,1.0,,,1007.8125,,,192000,1.0,4,-129.92861821965968,,,,
fidelity,product,1.0,0.5,,,,,,0.5,,,1992.1875,,,192000,0.5,2,-111.29817182519821,,,,
fidelity,product,1.0,0.5,,,,,,0.5,,,1992.1875,,,192000,0.5,4,-123.48072795293714,,,,
fidelity,product,1.0,0.5,,,,,,0.0,,,1992.1875,,,192000,0.0,2,-111.73920387470156,,,,
fidelity,product,1.0,0.5,,,,,,0.0,,,1992.1875,,,192000,0.0,4,-123.92636469334825,,,,
fidelity,product,1.0,0.5,,,,,,0.0,,,1992.1875,,,192000,1.0,2,-110.59577460868272,,,,
fidelity,product,1.0,0.5,,,,,,0.0,,,1992.1875,,,192000,1.0,4,-122.77207927695832,,,,
fidelity,product,1.0,0.5,,,,,,1.0,,,1992.1875,,,192000,0.0,2,-111.75042262467866,,,,
fidelity,product,1.0,0.5,,,,,,1.0,,,1992.1875,,,192000,0.0,4,-123.93747217237723,,,,
fidelity,product,1.0,0.5,,,,,,1.0,,,1992.1875,,,192000,1.0,2,-110.59379028505958,,,,
fidelity,product,1.0,0.5,,,,,,1.0,,,1992.1875,,,192000,1.0,4,-122.76986494083803,,,,
fidelity,product,1.0,0.5,,,,,,0.5,,,4007.8125,,,192000,0.5,2,-102.73791219133622,,,,
fidelity,product,1.0,0.5,,,,,,0.5,,,4007.8125,,,192000,0.5,4,-114.91422261029705,,,,
fidelity,product,1.0,0.5,,,,,,0.0,,,4007.8125,,,192000,0.0,2,-102.73538536777397,,,,
fidelity,product,1.0,0.5,,,,,,0.0,,,4007.8125,,,192000,0.0,4,-114.91169554171395,,,,
fidelity,product,1.0,0.5,,,,,,0.0,,,4007.8125,,,192000,1.0,2,-102.73538646821358,,,,
fidelity,product,1.0,0.5,,,,,,0.0,,,4007.8125,,,192000,1.0,4,-114.91169554027448,,,,
fidelity,product,1.0,0.5,,,,,,1.0,,,4007.8125,,,192000,0.0,2,-102.74043419177757,,,,
fidelity,product,1.0,0.5,,,,,,1.0,,,4007.8125,,,192000,0.0,4,-114.91674625029987,,,,
fidelity,product,1.0,0.5,,,,,,1.0,,,4007.8125,,,192000,1.0,2,-102.74043545253328,,,,
fidelity,product,1.0,0.5,,,,,,1.0,,,4007.8125,,,192000,1.0,4,-114.91674625125785,,,,
fidelity,product,1.0,0.05,,,,,,0.5,,,6023.4375,,,192000,0.5,2,-97.69125389327098,,,,
fidelity,product,1.0,0.05,,,,,,0.5,,,6023.4375,,,192000,0.5,4,-109.83174720147873,,,,
fidelity,product,1.0,0.05,,,,,,0.0,,,6023.4375,,,192000,0.0,2,-97.69025638322405,,,,
fidelity,product,1.0,0.05,,,,,,0.0,,,6023.4375,,,192000,0.0,4,-109.83074968928939,,,,
fidelity,product,1.0,0.05,,,,,,0.0,,,6023.4375,,,192000,1.0,2,-97.69025638333902,,,,
fidelity,product,1.0,0.05,,,,,,0.0,,,6023.4375,,,192000,1.0,4,-109.83074968930737,,,,
fidelity,product,1.0,0.05,,,,,,1.0,,,6023.4375,,,192000,0.0,2,-97.6922528158049,,,,
fidelity,product,1.0,0.05,,,,,,1.0,,,6023.4375,,,192000,0.0,4,-109.83274612536513,,,,
fidelity,product,1.0,0.05,,,,,,1.0,,,6023.4375,,,192000,1.0,2,-97.69225281585855,,,,
fidelity,product,1.0,0.05,,,,,,1.0,,,6023.4375,,,192000,1.0,4,-109.83274612569684,,,,
fidelity,product,1.0,0.05,,,,,,0.5,,,7992.1875,,,192000,0.5,2,-100.26167480721128,,,,
fidelity,product,1.0,0.05,,,,,,0.5,,,7992.1875,,,192000,0.5,4,-112.32994305626121,,,,
fidelity,product,1.0,0.05,,,,,,0.0,,,7992.1875,,,192000,0.0,2,-100.26111031219304,,,,
fidelity,product,1.0,0.05,,,,,,0.0,,,7992.1875,,,192000,0.0,4,-112.32937855826371,,,,
fidelity,product,1.0,0.05,,,,,,0.0,,,7992.1875,,,192000,1.0,2,-100.26111031239674,,,,
fidelity,product,1.0,0.05,,,,,,0.0,,,7992.1875,,,192000,1.0,4,-112.32937855889921,,,,
fidelity,product,1.0,0.05,,,,,,1.0,,,7992.1875,,,192000,0.0,2,-100.26223975375173,,,,
fidelity,product,1.0,0.05,,,,,,1.0,,,7992.1875,,,192000,0.0,4,-112.33050800401853,,,,
fidelity,product,1.0,0.05,,,,,,1.0,,,7992.1875,,,192000,1.0,2,-100.26223975374452,,,,
fidelity,product,1.0,0.05,,,,,,1.0,,,7992.1875,,,192000,1.0,4,-112.330508003982,,,,
candidate_alias,asinh,,,,,,,,,,,2000.0,,,,,2,-84.45896202696476,,,,
candidate_alias,asinh,,,,,,,,,,,2000.0,,,,,4,-117.40647699652618,,,,
candidate_alias,asinh,,,,,,,,,,,4000.0,,,,,2,-58.17071462914363,,,,
candidate_alias,asinh,,,,,,,,,,,4000.0,,,,,4,-91.18166031133447,,,,
candidate_alias,tanh,,,,,,,,,,,2000.0,,,,,2,-72.72387579965965,,,,
candidate_alias,tanh,,,,,,,,,,,2000.0,,,,,4,-120.3940689985081,,,,
candidate_alias,tanh,,,,,,,,,,,4000.0,,,,,2,-42.4371353899129,,,,
candidate_alias,tanh,,,,,,,,,,,4000.0,,,,,4,-80.0727285152181,,,,
candidate_alias,rational,,,,,,,,,,,2000.0,,,,,2,-61.757693593726714,,,,
candidate_alias,rational,,,,,,,,,,,2000.0,,,,,4,-112.49240822820792,,,,
candidate_alias,rational,,,,,,,,,,,4000.0,,,,,2,-40.09502970038581,,,,
candidate_alias,rational,,,,,,,,,,,4000.0,,,,,4,-67.67276552734444,,,,
extended,guitar_multitone,,,,,,,,,,,,,,44100,,2,-120.0889376881155,-120.14867873942964,1.2483829364278367,True,
extended,guitar_multitone,,,,,,,,,,,,,,44100,,4,-132.253980552512,-132.31380476745295,1.2483832547010296,True,
extended,hot_2V,,,,,,,,,,,,,,44100,,2,-113.42503069371533,-104.7322597065424,1.7749362080042859,True,
extended,hot_2V,,,,,,,,,,,,,,44100,,4,-130.19932364783295,-130.25686646833216,1.7749365272025168,True,
extended,torture_10V_nyquist,,,,,,,,,,,,,,44100,,2,30.087621865513526,-16.505733594681182,6.01423899244716,True,
extended,torture_10V_nyquist,,,,,,,,,,,,,,44100,,4,27.9613187242376,-25.336638411731514,5.257005442691723,True,
extended,guitar_multitone,,,,,,,,,,,,,,48000,,2,-121.5256481452106,-121.55139177455794,1.2503631090225646,True,
extended,guitar_multitone,,,,,,,,,,,,,,48000,,4,-133.69707335880005,-133.72283591372903,1.25036343290211,True,
extended,hot_2V,,,,,,,,,,,,,,48000,,2,-116.62930408435686,-108.43966954924092,1.7769222777265903,True,
extended,hot_2V,,,,,,,,,,,,,,48000,,4,-132.15558441912765,-132.15613955114446,1.7769226025493392,True,
extended,torture_10V_nyquist,,,,,,,,,,,,,,48000,,2,30.138864194159485,-16.453584262470418,6.026347977631463,True,
extended,torture_10V_nyquist,,,,,,,,,,,,,,48000,,4,28.058204408143723,-25.171541702534974,5.263892071949622,True,
extended,guitar_multitone,,,,,,,,,,,,,,88200,,2,-124.69131552248875,-124.75984775342098,1.2396034137048684,True,
extended,guitar_multitone,,,,,,,,,,,,,,88200,,4,-136.86011973163394,-136.92867010360231,1.2396035344697718,True,
extended,hot_2V,,,,,,,,,,,,,,88200,,2,-121.93497188243347,-122.01310368414153,1.766133877745586,True,
extended,hot_2V,,,,,,,,,,,,,,88200,,4,-134.1011205453052,-134.17982170612362,1.7661339988698483,True,
extended,torture_10V_nyquist,,,,,,,,,,,,,,88200,,2,33.8709516124633,-16.165573217949955,6.0955543614697305,True,
extended,torture_10V_nyquist,,,,,,,,,,,,,,88200,,4,33.62153997510485,-24.05030852649623,5.3105201251119984,True,
extended,guitar_multitone,,,,,,,,,,,,,,96000,,2,-125.74210977424217,-125.80623342417483,1.227177260265733,True,
extended,guitar_multitone,,,,,,,,,,,,,,96000,,4,-137.9061547630393,-137.9702961884455,1.22717739174458,True,
extended,hot_2V,,,,,,,,,,,,,,96000,,2,-123.25098553389464,-123.33019552698458,1.7536728251182523,True,
extended,hot_2V,,,,,,,,,,,,,,96000,,4,-135.41329265422405,-135.4925047191225,1.7536729569932803,True,
extended,torture_10V_nyquist,,,,,,,,,,,,,,96000,,2,33.87804678512702,-16.13599194809123,6.102311586648582,True,
extended,torture_10V_nyquist,,,,,,,,,,,,,,96000,,4,33.62850591787124,-23.923288797580504,5.31576378925684,True,
extended,guitar_multitone,,,,,,,,,,,,,,176400,,2,-130.93013702499007,-130.92839825096692,1.2529311993785839,True,
extended,guitar_multitone,,,,,,,,,,,,,,176400,,4,-143.09109762308114,-143.08934382584044,1.2529313285292432,True,
extended,hot_2V,,,,,,,,,,,,,,176400,,2,-128.04772240815166,-127.98930263019375,1.7795000715810834,True,
extended,hot_2V,,,,,,,,,,,,,,176400,,4,-140.2081412194787,-140.14980670503698,1.7795002010934438,True,
extended,torture_10V_nyquist,,,,,,,,,,,,,,176400,,2,33.992609949722684,-15.992730965635165,6.130914664934908,True,
extended,torture_10V_nyquist,,,,,,,,,,,,,,176400,,4,33.74237128355018,-23.3061900724549,5.340599653724648,True,
extended,guitar_multitone,,,,,,,,,,,,,,192000,,2,-131.46757072842567,-131.4644087662203,1.2407354036092804,True,
extended,guitar_multitone,,,,,,,,,,,,,,192000,,4,-143.62778874783555,-143.62458103593926,1.2407354867826872,True,
extended,hot_2V,,,,,,,,,,,,,,192000,,2,-129.22357953809214,-129.16264786866287,1.7672684845305007,True,
extended,hot_2V,,,,,,,,,,,,,,192000,,4,-141.38752140167605,-141.326291046112,1.7672685679402462,True,
extended,torture_10V_nyquist,,,,,,,,,,,,,,192000,,2,40.375482646121526,-15.980965209518933,6.1327419600801365,True,
extended,torture_10V_nyquist,,,,,,,,,,,,,,192000,,4,40.108159798764035,-23.25599822229423,5.342493987029339,True,
di_fidelity,guitar_DI,0.0,0.05,,,,,,0.5,,,,,,,0.5,,-118.7073585713044,,,,
di_fidelity,guitar_DI,0.0,0.2,,,,,,0.5,,,,,,,0.5,,-118.71151431489658,,,,
di_fidelity,guitar_DI,0.0,0.5,,,,,,0.5,,,,,,,0.5,,-118.7327030952907,,,,
di_fidelity,guitar_DI,0.5,0.05,,,,,,0.5,,,,,,,0.5,,-118.71147308648469,,,,
di_fidelity,guitar_DI,0.5,0.2,,,,,,0.5,,,,,,,0.5,,-118.76455746804507,,,,
di_fidelity,guitar_DI,0.5,0.5,,,,,,0.5,,,,,,,0.5,,-118.90257154427943,,,,
di_fidelity,guitar_DI,1.0,0.05,,,,,,0.5,,,,,,,0.5,,-118.76411408363894,,,,
di_fidelity,guitar_DI,1.0,0.2,,,,,,0.5,,,,,,,0.5,,-118.99741360281777,,,,
di_fidelity,guitar_DI,1.0,0.5,,,,,,0.5,,,,,,,0.5,,-119.15399939467349,,,,
di_fidelity,guitar_DI,1.0,0.5,,,,,,0.0,,,,,,,0.0,,-118.73971671550521,,,,
di_fidelity,guitar_DI,1.0,0.5,,,,,,0.0,,,,,,,1.0,,-117.24663716687147,,,,
di_fidelity,guitar_DI,1.0,0.5,,,,,,1.0,,,,,,,0.0,,-121.3656909832249,,,,
di_fidelity,guitar_DI,1.0,0.5,,,,,,1.0,,,,,,,1.0,,-119.66289282846184,,,,
cascade,F/L,,0.06009008906892597,0.05685829727975583,,,,,,,,,,,,,,-120.37755202828764,,,,0.0
cascade,F/L,,0.1198954902223514,0.10783630506047688,,,,,,,,,,,,,,-120.47121706266006,,,,6.0
cascade,F/L,,0.2392229533753775,0.1919640928525083,,,,,,,,,,,,,,-120.55173004434036,,,,12.0
cascade,F/L,,0.6009008906892597,0.36433370148316274,,,,,,,,,,,,,,-120.55838838032051,,,,20.0
cascade,F/H,,0.057278216513165385,0.05092499737356424,,,,,,,,,,,,,,-119.15272689856289,,,,0.0
cascade,F/H,,0.11428506687734707,0.09733026839277963,,,,,,,,,,,,,,-119.25428498338056,,,,6.0
cascade,F/H,,0.22802868710406873,0.17545779986581259,,,,,,,,,,,,,,-119.37975969262186,,,,12.0
cascade,F/H,,0.5727821651316538,0.33921665833294695,,,,,,,,,,,,,,-119.49385415473607,,,,20.0
cascade,C/L,,0.05494042858280648,0.050091257691133054,,,,,,,,,,,,,,-119.52947165654946,,,,0.0
cascade,C/L,,0.10962056671951285,0.09582704367287413,,,,,,,,,,,,,,-119.6251424473414,,,,6.0
cascade,C/L,,0.21872178572097575,0.17300512722994715,,,,,,,,,,,,,,-119.73817652132067,,,,12.0
cascade,C/L,,0.5494042858280648,0.33528405873985007,,,,,,,,,,,,,,-119.82295006967374,,,,20.0
cascade,C/H,,0.05198879610477677,0.04553187115840925,,,,,,,,,,,,,,-118.39574905938335,,,,0.0
cascade,C/H,,0.10373128566846196,0.08760491482552206,,,,,,,,,,,,,,-118.49785100549403,,,,6.0
cascade,C/H,,0.20697112517755356,0.15981370502279613,,,,,,,,,,,,,,-118.64926361067495,,,,12.0
cascade,C/H,,0.5198879610477677,0.3149394896169622,,,,,,,,,,,,,,-118.83744608551204,,,,20.0
cascade,T/L,,0.04943568473852496,0.04112599497287118,,,,,,,,,,,,,,-117.72241909131375,,,,0.0
cascade,T/L,,0.098637158773461,0.07954130114125776,,,,,,,,,,,,,,-117.82303982782327,,,,6.0
cascade,T/L,,0.19680700575628876,0.14657764120980543,,,,,,,,,,,,,,-117.99356196242513,,,,12.0
cascade,T/L,,0.49435684738524954,0.2940692502997988,,,,,,,,,,,,,,-118.2540497305054,,,,20.0
cascade,T/H,,0.05060395231296222,0.03857735481551632,,,,,,,,,,,,,,-116.75325055767689,,,,0.0
cascade,T/H,,0.10096815903853579,0.07481750794999395,,,,,,,,,,,,,,-116.86314916543097,,,,6.0
cascade,T/H,,0.2014579627413749,0.1386992824868751,,,,,,,,,,,,,,-117.06805527338662,,,,12.0
cascade,T/H,,0.5060395231296222,0.2815774004699965,,,,,,,,,,,,,,-117.43084671710787,,,,20.0
